,Name,Age,#days,Lev,Tm,G,PA,AB,R,H,2B,3B,HR,RBI,BB,IBB,SO,HBP,SH,SF,GDP,SB,CS,BA,OBP,SLG,OPS
4,Bobby Abreu,40,2295,"MLB-AL,MLB-NL","Los Angeles,New York",779,3017,2601,380,705,159,11,67,379,389,20,544,5,1,21,60,104,32,0.271,0.364,0.418,0.782
5,José Abreu,33,104,MLB-AL,Chicago,961,4168,3787,526,1114,233,14,198,671,263,51,835,83,0,35,120,10,2,0.294,0.35,0.52,0.87
8,Dustin Ackley,28,1686,MLB-AL,"Seattle,New York",624,2348,2126,261,512,94,18,46,216,194,10,420,5,11,12,25,31,11,0.24100000000000002,0.304,0.36700000000000005,0.6709999999999999
17,Matt Adams,31,133,MLB-NL,"Atlanta,St. Louis,Washington",828,2574,2385,294,618,129,6,118,397,161,16,634,12,0,16,48,4,3,0.259,0.307,0.467,0.774
31,Nick Ahmed,30,104,MLB-NL,Arizona,666,2426,2213,277,528,112,20,60,260,167,11,456,12,11,23,54,29,17,0.239,0.293,0.389,0.6809999999999999
37,Ozzie Albies,23,104,MLB-NL,Atlanta,404,1754,1614,262,450,97,18,60,205,116,6,294,13,2,9,14,40,8,0.27899999999999997,0.33,0.473,0.8029999999999999
59,Yonder Alonso,32,468,"MLB-AL,MLB-NL","Oakland,San Diego,Seattle,Cincinnati,Chicago,Cleveland,Colorado",1057,3772,3361,391,872,181,2,100,426,366,29,647,16,1,28,94,22,8,0.259,0.33299999999999996,0.40399999999999997,0.736
62,Jose Altuve,30,104,"MLB-AL,MLB-NL",Houston,1289,5668,5177,766,1610,308,28,133,556,377,38,662,50,25,39,149,256,71,0.311,0.361,0.45799999999999996,0.8190000000000001
68,Pedro Alvarez,31,939,"MLB-NL,MLB-AL","Pittsburgh,Baltimore",907,3321,2980,365,704,131,6,162,472,314,31,952,11,1,15,71,15,2,0.23600000000000002,0.31,0.447,0.757
71,Alexi Amarista,28,1196,"MLB-AL,MLB-NL","Los Angeles,San Diego,Colorado",670,1901,1750,171,404,67,16,21,169,109,13,295,4,23,15,32,39,10,0.231,0.275,0.32299999999999995,0.599
88,Tim Anderson,27,104,MLB-AL,Chicago,569,2382,2270,332,637,119,14,74,227,81,2,587,13,10,8,59,73,13,0.281,0.308,0.44299999999999995,0.7509999999999999
93,Elvis Andrus,31,119,MLB-AL,Texas,1646,7079,6366,893,1743,303,48,76,636,516,5,962,44,100,52,161,305,93,0.27399999999999997,0.33,0.37200000000000005,0.7020000000000001
96,Rick Ankiel,33,2772,"MLB-NL,MLB-AL","New York,Houston,Atlanta,Kansas City,Washington,St. Louis",532,1831,1664,221,396,93,8,63,203,143,13,486,12,4,8,27,20,12,0.23800000000000002,0.302,0.41700000000000004,0.7190000000000001
99,Nori Aoki,35,1196,"MLB-AL,MLB-NL","Kansas City,New York,Seattle,Milwaukee,San Francisco,Toronto,Houston",752,3044,2716,377,774,135,22,33,219,234,3,258,48,30,15,49,98,40,0.285,0.35,0.387,0.738
108,Orlando Arcia,25,104,MLB-NL,Milwaukee,537,1865,1722,182,421,69,7,42,179,123,14,375,4,5,11,50,39,12,0.244,0.295,0.366,0.66
111,Nolan Arenado,29,112,MLB-NL,Colorado,1077,4558,4118,649,1206,262,27,235,760,362,58,684,22,5,50,121,16,14,0.293,0.349,0.541,0.89
112,J.P. Arencibia,29,1927,MLB-AL,"Toronto,Tampa Bay,Texas",456,1687,1573,169,333,67,4,80,245,85,4,484,17,1,11,25,2,2,0.212,0.258,0.41200000000000003,0.67
143,Alex Avila,33,104,"MLB-NL,MLB-AL","Arizona,Minnesota,Detroit,Chicago",997,3527,2971,347,697,146,8,104,388,509,23,1031,17,10,20,79,8,7,0.235,0.348,0.39399999999999996,0.742
146,Mike Aviles,36,1196,"MLB-AL,MLB-NL","Kansas City,Cleveland,Boston,Miami,Detroit",894,3234,3009,380,786,139,13,60,306,141,6,424,16,38,30,89,78,28,0.261,0.295,0.376,0.6709999999999999
150,Erick Aybar,33,1196,"MLB-AL,MLB-NL","Los Angeles,San Diego,Atlanta,Detroit",1336,5377,4942,620,1346,250,44,57,452,275,18,630,50,72,37,98,150,51,0.272,0.315,0.375,0.69
158,Javier Baez,27,104,MLB-NL,Chicago,707,2708,2538,371,671,142,17,118,378,128,30,769,22,8,12,57,63,22,0.264,0.304,0.473,0.777
163,Jeff Baker,34,2013,"MLB-NL,MLB-AL","Chicago,Texas,Detroit,Miami,Colorado,Atlanta",616,1698,1554,208,413,95,11,44,198,120,5,406,7,1,16,47,12,1,0.266,0.318,0.426,0.7440000000000001
178,Rod Barajas,36,3020,"MLB-NL,MLB-AL","Los Angeles,Toronto,New York,Pittsburgh",515,1874,1717,184,395,80,0,74,245,101,17,331,27,6,22,28,1,0,0.23,0.28,0.406,0.6859999999999999
186,Clint Barmes,36,1924,MLB-NL,"San Diego,Pittsburgh,Colorado,Houston",882,3111,2844,301,690,155,11,70,300,174,24,593,42,34,17,45,32,18,0.243,0.294,0.379,0.6729999999999999
191,Darwin Barney,31,1196,"MLB-NL,MLB-AL","Chicago,Los Angeles,Toronto",784,2759,2536,297,625,117,15,31,201,155,11,349,24,25,16,69,29,5,0.24600000000000002,0.294,0.341,0.635
192,Tucker Barnhart,29,104,MLB-NL,Cincinnati,623,2173,1917,178,475,94,6,44,213,217,34,402,11,15,13,54,6,3,0.248,0.326,0.37200000000000005,0.698
201,Jason Bartlett,34,2470,"MLB-AL,MLB-NL","Minnesota,Tampa Bay,San Diego",569,2313,2062,281,556,108,16,21,194,181,4,369,25,27,18,39,84,29,0.27,0.33299999999999996,0.368,0.701
203,Daric Barton,28,2433,MLB-AL,Oakland,515,2001,1672,226,406,85,11,26,176,280,10,337,13,19,17,23,12,6,0.243,0.353,0.353,0.706
217,Jose Bautista,37,832,"MLB-AL,MLB-NL","Toronto,Philadelphia,Atlanta,New York,Pittsburgh",1461,6035,5004,880,1245,252,12,313,858,908,55,1136,60,15,48,139,61,17,0.249,0.368,0.49200000000000005,0.8590000000000001
220,Jason Bay,34,2724,"MLB-AL,MLB-NL","Boston,Seattle,New York,Pittsburgh",655,2670,2300,372,580,111,14,104,364,321,15,619,22,2,25,40,52,5,0.252,0.34600000000000003,0.44799999999999995,0.794
228,Gordon Beckham,32,469,"MLB-AL,MLB-NL","Seattle,Chicago,San Francisco,Atlanta,Los Angeles,Detroit",1051,3783,3404,420,807,187,7,80,351,266,6,671,54,29,30,89,35,18,0.237,0.3,0.36700000000000005,0.667
229,Tim Beckham,29,524,MLB-AL,"Tampa Bay,Baltimore,Seattle",470,1751,1614,201,402,75,15,63,198,111,0,505,14,4,8,33,13,9,0.249,0.302,0.431,0.733
240,Josh Bell,27,104,MLB-NL,Pittsburgh,552,2191,1900,283,496,105,13,86,309,260,23,417,8,0,23,45,4,5,0.261,0.349,0.466,0.8140000000000001
243,Cody Bellinger,24,105,MLB-NL,Los Angeles,506,2084,1809,325,494,98,14,123,318,258,45,447,7,0,10,26,45,8,0.273,0.364,0.547,0.9109999999999999
247,Brandon Belt,32,104,MLB-NL,San Francisco,1121,4400,3811,538,1003,244,33,138,502,532,30,1021,33,1,23,41,43,14,0.263,0.35600000000000004,0.45299999999999996,0.81
248,Carlos Beltran,40,1196,"MLB-NL,MLB-AL","St. Louis,New York,Texas,San Francisco,Houston",1265,5217,4655,663,1292,287,20,199,712,493,62,848,20,3,46,114,62,11,0.278,0.34600000000000003,0.47600000000000003,0.8220000000000001
249,Adrian Beltre,39,832,MLB-AL,"Boston,Seattle,Texas",1505,6342,5788,824,1733,344,13,260,922,439,68,812,53,0,62,156,31,4,0.299,0.35100000000000003,0.498,0.8490000000000001
252,Andrew Benintendi,25,151,MLB-AL,Boston,485,2104,1837,279,502,119,13,51,260,221,9,400,17,8,21,32,53,8,0.273,0.353,0.435,0.789
264,Lance Berkman,37,2671,"MLB-NL,MLB-AL","St. Louis,Houston,Texas,New York",666,2687,2243,364,629,140,10,107,379,417,62,455,13,0,13,61,32,13,0.28,0.39399999999999996,0.495,0.889
272,Yuniesky Betancourt,31,2659,"MLB-AL,MLB-NL","Seattle,Kansas City,Milwaukee",775,2907,2747,273,687,141,16,62,328,100,7,309,6,22,32,88,13,14,0.25,0.275,0.381,0.6559999999999999
276,Mookie Betts,27,105,"MLB-AL,MLB-NL","Boston,Los Angeles",848,3875,3422,660,1029,238,27,155,509,395,26,502,21,4,33,43,136,24,0.301,0.373,0.522,0.895
293,Charlie Blackmon,33,104,MLB-NL,Colorado,1108,4753,4312,743,1311,239,48,178,553,317,28,800,74,22,28,45,131,52,0.304,0.36,0.506,0.865
296,Casey Blake,37,3419,"MLB-AL,MLB-NL","Cleveland,Los Angeles",499,1976,1732,243,460,99,9,60,250,186,23,424,28,10,20,41,7,7,0.266,0.34299999999999997,0.43700000000000006,0.78
299,Gregor Blanco,34,832,"MLB-NL,MLB-AL","San Francisco,Arizona,Atlanta,Kansas City",1019,3349,2929,394,746,118,39,26,235,363,21,661,15,26,15,35,122,36,0.255,0.33799999999999997,0.348,0.687
308,Willie Bloomquist,37,2022,"MLB-NL,MLB-AL","Arizona,Seattle,Kansas City,Cincinnati",577,1939,1801,239,494,65,17,12,136,110,6,292,9,10,9,26,76,35,0.27399999999999997,0.318,0.349,0.667
311,Brennan Boesch,30,1927,"MLB-AL,MLB-NL","Detroit,New York,Cincinnati,Los Angeles",479,1713,1577,192,394,79,7,48,195,109,9,344,16,0,11,25,22,6,0.25,0.303,0.4,0.703
313,Xander Bogaerts,27,104,MLB-AL,Boston,965,4154,3747,578,1083,236,14,118,531,342,16,755,31,5,29,87,61,12,0.289,0.35100000000000003,0.45399999999999996,0.805
323,Emilio Bonifacio,35,164,"MLB-NL,MLB-AL","Washington,Chicago,Atlanta,Toronto,Florida,Kansas City,Arizona,Miami",816,2870,2590,354,664,94,33,13,163,211,4,602,7,43,19,23,166,44,0.256,0.312,0.33299999999999996,0.645
336,Justin Bour,31,468,"MLB-NL,MLB-AL","Philadelphia,Miami,Los Angeles",557,1950,1714,206,433,71,2,92,303,218,26,447,6,0,12,54,3,0,0.253,0.337,0.457,0.794
339,Peter Bourjos,32,616,"MLB-AL,MLB-NL","Los Angeles,St. Louis,Tampa Bay,Atlanta,Philadelphia",809,2334,2116,284,502,91,37,43,170,134,7,562,36,37,11,35,68,27,0.237,0.293,0.376,0.669
340,Michael Bourn,33,1560,"MLB-NL,MLB-AL","Arizona,Atlanta,Houston,Cleveland,Baltimore",1218,5179,4657,647,1238,188,66,35,355,431,11,1100,19,49,23,33,322,82,0.266,0.32899999999999996,0.35700000000000004,0.6859999999999999
355,Jackie Bradley Jr.,30,104,MLB-AL,Boston,858,3281,2899,435,692,162,23,98,376,304,17,828,54,5,19,48,60,13,0.239,0.321,0.41200000000000003,0.732
357,Michael Brantley,33,104,MLB-AL,"Cleveland,Houston",1241,5307,4800,655,1425,303,21,114,640,419,34,573,31,12,44,116,123,26,0.297,0.354,0.44,0.794
361,Ryan Braun,36,104,MLB-NL,Milwaukee,1653,6848,6171,989,1817,382,43,318,1057,557,55,1251,70,0,39,166,201,47,0.294,0.35700000000000004,0.525,0.882
363,Alex Bregman,26,104,MLB-AL,Houston,558,2418,2058,365,582,152,12,105,342,309,7,343,30,1,20,41,34,7,0.28300000000000003,0.381,0.521,0.902
386,Domonic Brown,27,1956,MLB-NL,Philadelphia,488,1748,1591,188,391,73,9,54,229,138,13,317,5,0,14,25,23,7,0.24600000000000002,0.305,0.405,0.71
398,Jay Bruce,33,104,"MLB-NL,MLB-AL","Cincinnati,Philadelphia,New York,Seattle,Cleveland",1635,6602,5929,836,1451,311,32,318,948,595,71,1558,28,3,46,99,65,33,0.245,0.314,0.469,0.7829999999999999
401,Kris Bryant,28,104,MLB-NL,Chicago,740,3252,2774,506,778,172,17,142,414,381,17,773,78,0,19,34,34,15,0.28,0.38,0.508,0.889
406,John Buck,33,2304,"MLB-AL,MLB-NL","Seattle,New York,Kansas City,Pittsburgh,Toronto,Miami,Florida,Los Angeles",668,2513,2255,235,523,103,7,81,316,207,19,610,31,4,16,53,3,5,0.23199999999999998,0.303,0.392,0.695
427,Pat Burrell,34,3391,"MLB-NL,MLB-AL","Philadelphia,San Francisco,Tampa Bay",490,1777,1504,186,361,79,5,74,235,249,14,427,6,0,18,25,2,0,0.24,0.34700000000000003,0.447,0.7929999999999999
437,Billy Butler,30,1560,MLB-AL,"Kansas City,New York,Oakland",1321,5325,4775,554,1383,299,3,139,676,473,54,784,32,0,45,199,5,2,0.29,0.355,0.441,0.795
444,Marlon Byrd,38,1684,"MLB-NL,MLB-AL","Chicago,Philadelphia,New York,Texas,Pittsburgh,Boston,San Francisco,Cincinnati,Cleveland",1041,4215,3863,496,1065,228,22,129,517,245,21,879,66,5,36,77,30,15,0.276,0.327,0.446,0.773
448,Asdrubal Cabrera,34,108,"MLB-AL,MLB-NL","Cleveland,Tampa Bay,New York,Washington,Philadelphia,Texas",1663,6863,6164,822,1647,371,26,185,805,536,25,1221,63,46,54,162,90,30,0.267,0.32899999999999996,0.426,0.755
451,Everth Cabrera,28,2046,"MLB-NL,MLB-AL","San Diego,Baltimore",507,2068,1829,228,450,73,20,12,132,175,10,432,14,41,9,24,138,38,0.24600000000000002,0.315,0.32799999999999996,0.643
454,Melky Cabrera,34,468,"MLB-AL,MLB-NL","Toronto,Chicago,Atlanta,San Francisco,New York,Kansas City,Cleveland,Pittsburgh",1577,6373,5855,753,1680,333,35,129,731,411,38,762,20,33,54,158,76,20,0.287,0.33299999999999996,0.42200000000000004,0.755
455,Miguel Cabrera,37,105,MLB-AL,Detroit,1736,7392,6456,1008,2024,398,7,349,1206,837,165,1217,39,0,60,234,22,6,0.314,0.392,0.539,0.932
456,Orlando Cabrera,36,3396,"MLB-AL,MLB-NL","Chicago,Cleveland,Oakland,Minnesota,Cincinnati,San Francisco",571,2452,2261,279,609,118,4,26,227,137,2,252,7,15,32,61,51,14,0.26899999999999996,0.309,0.36,0.669
459,Lorenzo Cain,34,165,"MLB-AL,MLB-NL","Kansas City,Milwaukee",1043,4317,3913,569,1128,207,24,78,409,328,14,770,45,0,30,100,175,37,0.28800000000000003,0.348,0.413,0.7609999999999999
462,Kole Calhoun,32,104,"MLB-AL,MLB-NL","Los Angeles,Arizona",1008,4208,3737,565,927,176,17,156,491,395,15,912,36,4,34,66,30,6,0.248,0.32299999999999995,0.429,0.753
465,Alberto Callaspo,32,1970,"MLB-AL,MLB-NL","Los Angeles,Atlanta,Oakland,Kansas City",1010,3753,3370,379,900,161,13,52,356,337,20,345,5,9,32,96,21,9,0.267,0.332,0.369,0.701
480,Mark Canha,31,104,MLB-AL,Oakland,502,1867,1621,253,403,85,9,72,233,178,5,421,53,1,14,38,17,6,0.249,0.34,0.445,0.785
484,Robinson Cano,37,104,"MLB-AL,MLB-NL","Seattle,New York",1820,7718,7052,1024,2115,455,21,286,1065,543,103,982,72,1,50,230,41,24,0.3,0.354,0.49200000000000005,0.846
485,Jorge Cantu,29,3497,"MLB-NL,MLB-AL","Florida,Texas,San Diego",486,1998,1829,217,492,116,1,59,267,123,12,315,23,1,22,51,9,1,0.26899999999999996,0.319,0.43,0.75
505,Matt Carpenter,34,105,MLB-NL,St. Louis,1194,4975,4195,734,1118,290,27,152,555,664,38,994,59,11,45,35,25,13,0.267,0.371,0.457,0.828
513,Jamey Carroll,39,2661,"MLB-AL,MLB-NL","Cleveland,Los Angeles,Kansas City,Minnesota",676,2470,2162,304,590,79,14,4,153,237,6,354,21,35,15,33,44,11,0.273,0.348,0.32799999999999996,0.6759999999999999
517,Chris Carter,30,1285,"MLB-AL,MLB-NL","Oakland,Houston,Milwaukee,New York",743,2853,2469,334,536,107,5,158,400,327,10,951,26,0,30,56,12,5,0.217,0.312,0.456,0.768
524,Alexi Casilla,29,2296,MLB-AL,"Minnesota,Baltimore",491,1683,1503,209,376,71,14,12,148,119,0,216,11,32,18,29,69,10,0.25,0.306,0.34,0.6459999999999999
528,Nicholas Castellanos,28,104,"MLB-NL,MLB-AL","Chicago,Detroit,Cincinnati",944,3888,3578,445,979,240,34,134,494,253,12,909,27,0,30,69,11,13,0.27399999999999997,0.324,0.47200000000000003,0.7959999999999999
535,Welington Castillo,32,468,"MLB-NL,MLB-AL","Arizona,Chicago,Baltimore,Seattle",721,2702,2463,251,626,126,1,98,339,183,9,692,35,3,18,67,5,0,0.254,0.313,0.425,0.738
540,Jason Castro,33,104,"MLB-AL,MLB-NL","Houston,Minnesota,Los Angeles,San Diego",835,3114,2754,340,634,157,9,88,301,314,10,876,23,6,17,55,5,1,0.23,0.312,0.39,0.7020000000000001
543,Starlin Castro,30,149,"MLB-NL,MLB-AL","Chicago,New York,Washington,Miami",1483,6233,5833,673,1633,299,40,135,640,312,31,1046,38,7,43,171,89,47,0.28,0.319,0.414,0.733
553,Ronny Cedeno,31,2387,"MLB-NL,MLB-AL","Philadelphia,Seattle,Pittsburgh,San Diego,Houston,New York,Chicago",624,2051,1877,195,459,93,13,29,179,121,17,429,10,35,8,52,28,14,0.245,0.293,0.354,0.647
556,Francisco Cervelli,34,140,"MLB-AL,MLB-NL","New York,Pittsburgh,Miami,Atlanta",713,2618,2256,281,605,102,16,41,275,270,4,505,55,20,17,69,17,11,0.268,0.358,0.382,0.74
558,Yoenis Céspedes,34,161,"MLB-AL,MLB-NL","Oakland,New York,Boston,Detroit",833,3490,3191,475,870,173,24,165,528,240,33,742,31,0,28,67,43,16,0.273,0.327,0.49700000000000005,0.8240000000000001
568,Matt Chapman,27,125,MLB-AL,Oakland,421,1764,1562,263,398,110,13,84,224,171,0,439,23,0,8,34,2,4,0.255,0.336,0.503,0.8390000000000001
580,Robinson Chirinos,36,104,"MLB-AL,MLB-NL","Texas,Houston,New York,Tampa Bay",585,2125,1832,252,423,100,4,86,269,203,2,561,60,13,17,41,4,3,0.231,0.325,0.431,0.755
582,Lonnie Chisenhall,29,923,MLB-AL,Cleveland,680,2360,2159,261,578,132,10,64,296,150,12,437,21,15,14,33,20,4,0.268,0.32,0.42700000000000005,0.747
587,Shin-Soo Choo,37,104,"MLB-AL,MLB-NL","Cleveland,Texas,Cincinnati",1584,6937,5895,932,1621,327,26,215,754,845,40,1520,150,9,38,98,152,36,0.275,0.37799999999999995,0.449,0.826
619,Chris Coghlan,32,1312,"MLB-NL,MLB-AL","Chicago,Florida,Miami,Oakland,Toronto",794,2905,2580,353,666,149,26,53,234,275,19,535,24,13,13,34,47,20,0.258,0.33399999999999996,0.39799999999999996,0.731
638,Michael Conforto,27,108,MLB-NL,New York,629,2501,2145,348,556,121,4,118,341,302,20,606,38,0,16,40,17,8,0.259,0.358,0.484,0.843
647,Willson Contreras,28,105,MLB-NL,Chicago,491,1889,1652,227,437,90,8,74,253,182,7,445,43,3,9,44,13,9,0.265,0.35100000000000003,0.46299999999999997,0.8140000000000001
667,Carlos Correa,25,104,MLB-AL,Houston,604,2581,2267,334,626,128,7,107,397,272,17,542,15,0,27,63,33,6,0.276,0.354,0.48,0.8340000000000001
682,Zack Cozart,33,594,"MLB-NL,MLB-AL","Cincinnati,Los Angeles",834,3388,3088,408,764,158,24,87,305,219,9,549,28,23,30,71,21,2,0.247,0.3,0.39899999999999997,0.6990000000000001
685,Allen Craig,30,1924,"MLB-NL,MLB-AL","St. Louis,Boston",530,2013,1831,239,506,107,3,59,296,143,4,394,21,1,17,51,11,2,0.276,0.33299999999999996,0.435,0.768
689,Brandon Crawford,33,104,MLB-NL,San Francisco,1283,4911,4402,509,1099,234,38,106,564,413,65,984,41,6,49,96,32,23,0.25,0.317,0.392,0.7090000000000001
690,Carl Crawford,34,1681,"MLB-AL,MLB-NL","Tampa Bay,Los Angeles,Boston",896,3600,3312,508,941,164,49,74,389,211,9,562,28,8,28,42,203,47,0.284,0.33,0.43,0.76
693,Coco Crisp,36,1560,MLB-AL,"Oakland,Kansas City,Boston,Cleveland",910,3800,3365,499,855,168,34,81,367,366,10,494,3,32,34,55,205,38,0.254,0.325,0.396,0.721
694,C.J. Cron,30,152,MLB-AL,"Detroit,Minnesota,Tampa Bay,Los Angeles",679,2587,2368,283,609,123,6,118,373,148,7,583,48,0,18,59,9,8,0.257,0.312,0.46399999999999997,0.775
701,Nelson Cruz,39,104,MLB-AL,"Seattle,Texas,Minnesota,Baltimore",1596,6674,5954,901,1675,311,11,402,1096,602,65,1505,71,1,45,141,73,24,0.281,0.35200000000000004,0.54,0.892
705,Michael Cuddyer,36,1925,"MLB-NL,MLB-AL","Colorado,Minnesota,New York",916,3735,3391,489,955,207,25,125,495,301,23,642,25,0,18,116,52,8,0.282,0.34299999999999997,0.46799999999999997,0.8109999999999999
714,Jack Cust,32,3454,MLB-AL,"Seattle,Oakland",476,1905,1568,234,377,69,1,74,222,316,10,596,10,0,11,23,6,3,0.24,0.369,0.42700000000000005,0.7959999999999999
718,Travis d'Arnaud,31,105,"MLB-NL,MLB-AL","Atlanta,Los Angeles,New York,Tampa Bay",541,2044,1853,221,468,89,5,72,265,158,9,383,15,3,15,56,2,1,0.253,0.314,0.423,0.737
721,Johnny Damon,38,3083,MLB-AL,"New York,Tampa Bay,Detroit,Cleveland",644,2735,2435,388,668,135,22,69,296,272,4,389,12,8,8,23,76,14,0.27399999999999997,0.349,0.433,0.782
734,Chris Davis,34,120,MLB-AL,"Baltimore,Texas",1401,5630,4978,707,1160,228,5,295,780,555,50,1852,58,1,38,62,19,9,0.233,0.315,0.45899999999999996,0.774
736,Ike Davis,29,1665,"MLB-NL,MLB-AL","New York,Pittsburgh,Oakland",657,2392,2076,260,496,117,2,81,291,294,20,538,4,0,18,51,7,7,0.239,0.332,0.414,0.746
742,Khris Davis,32,104,"MLB-AL,MLB-NL","Oakland,Milwaukee",936,3690,3292,495,799,159,8,218,580,318,10,986,48,0,32,97,18,4,0.243,0.316,0.495,0.81
743,Rajai Davis,38,468,"MLB-AL,MLB-NL","Oakland,Toronto,Boston,San Francisco,Detroit,New York,Cleveland",1307,4372,4041,604,1056,214,41,61,378,244,4,814,42,18,27,78,392,98,0.261,0.308,0.38,0.688
749,Alejandro De Aza,33,1196,"MLB-AL,MLB-NL","Baltimore,New York,Chicago,San Francisco,Florida,Washington,Boston",771,2720,2431,353,636,123,31,51,250,219,12,585,32,22,16,30,89,42,0.262,0.32899999999999996,0.401,0.7290000000000001
766,David DeJesus,35,1935,"MLB-AL,MLB-NL","Tampa Bay,Oakland,Kansas City,Chicago,Washington,Los Angeles",953,3715,3293,429,891,177,39,68,364,327,9,554,54,20,21,71,37,34,0.271,0.344,0.41,0.754
767,Paul DeJong,26,104,MLB-NL,St. Louis,427,1771,1588,237,398,88,3,77,236,136,4,446,30,0,16,33,12,4,0.251,0.319,0.455,0.774
777,Chris Denorfia,34,1924,"MLB-AL,MLB-NL","Seattle,Chicago,San Diego,Oakland",706,2221,2018,267,547,94,17,39,187,170,7,378,8,11,14,53,54,17,0.271,0.32799999999999996,0.392,0.721
778,Mark DeRosa,38,2659,"MLB-AL,MLB-NL","Toronto,San Francisco,Washington,Cleveland,Chicago,St. Louis",494,1707,1488,235,379,75,5,52,229,175,2,328,21,5,18,41,11,4,0.255,0.33799999999999997,0.41700000000000004,0.755
779,Daniel Descalso,32,468,MLB-NL,"St. Louis,Arizona,Chicago,Colorado",1037,2893,2519,326,593,126,25,48,294,303,28,600,21,26,22,33,26,12,0.235,0.32,0.36200000000000004,0.6829999999999999
782,Delino DeShields,27,104,MLB-AL,"Texas,Cleveland",573,2056,1781,298,438,76,19,18,133,202,1,476,14,47,12,13,109,29,0.24600000000000002,0.326,0.34,0.6659999999999999
783,Ian Desmond,33,469,"MLB-NL,MLB-AL","Colorado,Washington,Texas",1471,5944,5442,724,1432,277,37,181,711,387,13,1402,43,33,39,132,181,51,0.263,0.315,0.42700000000000005,0.742
787,Rafael Devers,23,104,MLB-AL,Boston,392,1680,1551,254,433,108,5,74,254,117,16,364,7,1,4,30,16,8,0.27899999999999997,0.332,0.498,0.83
807,Corey Dickerson,31,104,"MLB-AL,MLB-NL","Tampa Bay,Colorado,Philadelphia,Miami,Pittsburgh",828,3123,2909,400,826,195,30,122,387,183,27,654,10,1,17,56,24,16,0.284,0.327,0.49700000000000005,0.8240000000000001
811,Derek Dietrich,30,104,"MLB-NL,MLB-AL","Cincinnati,Texas,Miami",741,2513,2191,318,536,107,21,84,255,181,14,576,123,2,15,27,7,3,0.245,0.335,0.428,0.762
822,Greg Dobbs,35,2391,MLB-NL,"Philadelphia,Washington,Miami,Florida",694,1676,1551,143,403,75,3,34,187,93,17,292,10,3,19,33,10,4,0.26,0.302,0.37799999999999995,0.68
829,Josh Donaldson,34,106,"MLB-AL,MLB-NL","Oakland,Minnesota,Toronto,Atlanta,Cleveland",1065,4578,3922,666,1066,228,12,225,656,575,19,909,46,5,30,94,38,6,0.272,0.369,0.508,0.877
835,Ryan Doumit,33,2295,"MLB-NL,MLB-AL","Pittsburgh,Atlanta,Minnesota",759,2694,2462,277,660,150,4,83,329,184,24,472,25,1,22,76,9,3,0.268,0.32299999999999995,0.433,0.7559999999999999
838,Brian Dozier,33,148,"MLB-AL,MLB-NL","Minnesota,New York,Washington,Los Angeles",1141,4900,4316,664,1055,231,21,192,561,488,18,973,47,12,36,89,105,32,0.244,0.325,0.441,0.767
842,J.D. Drew,35,3391,MLB-AL,Boston,464,1827,1546,255,406,83,11,69,222,254,17,352,13,1,13,31,9,7,0.263,0.369,0.46399999999999997,0.833
843,Stephen Drew,34,1264,"MLB-AL,MLB-NL","Oakland,Arizona,Boston,New York,Washington",1047,4072,3651,478,914,217,52,106,441,361,24,776,10,15,35,43,30,14,0.25,0.317,0.425,0.742
844,Brandon Drury,27,137,"MLB-NL,MLB-AL","Arizona,Toronto,New York",455,1620,1503,154,372,97,4,47,176,95,3,353,12,0,10,39,2,2,0.248,0.29600000000000004,0.41100000000000003,0.7070000000000001
847,Lucas Duda,33,533,"MLB-AL,MLB-NL","Tampa Bay,New York,Kansas City,Atlanta",954,3581,3098,387,741,171,4,156,470,394,33,879,61,1,27,52,6,4,0.239,0.33399999999999996,0.44799999999999995,0.782
853,Matt Duffy,28,468,"MLB-NL,MLB-AL","San Francisco,Tampa Bay",450,1771,1616,194,456,74,9,22,169,120,1,285,20,6,9,52,32,10,0.282,0.33799999999999997,0.38,0.718
862,Adam Dunn,34,2295,"MLB-AL,MLB-NL","Oakland,Cincinnati,Washington,Arizona,Chicago",1027,4230,3529,477,798,156,2,224,596,642,54,1287,35,0,24,50,6,2,0.226,0.349,0.462,0.8109999999999999
871,Adam Duvall,31,104,MLB-NL,"Atlanta,Cincinnati,San Francisco",595,2170,1970,276,459,104,10,113,329,148,6,590,29,0,22,29,13,8,0.233,0.293,0.46799999999999997,0.7609999999999999
874,Jarrod Dyson,35,107,"MLB-AL,MLB-NL","Kansas City,Seattle,Arizona,Pittsburgh,Chicago",861,2683,2377,370,584,76,36,21,175,232,8,444,21,39,14,30,256,43,0.24600000000000002,0.317,0.33399999999999996,0.6509999999999999
879,Adam Eaton,31,115,"MLB-NL,MLB-AL","Arizona,Chicago,Washington",829,3622,3185,528,899,157,44,60,289,324,5,608,68,33,12,33,84,28,0.282,0.36,0.41600000000000004,0.775
896,A.J. Ellis,37,832,MLB-NL,"Los Angeles,San Diego,Miami,Philadelphia",652,2303,1948,194,466,82,3,44,229,280,22,414,28,29,18,67,2,3,0.239,0.34,0.35200000000000004,0.693
897,Mark Ellis,37,2296,"MLB-NL,MLB-AL","St. Louis,Oakland,Los Angeles,Colorado",779,3074,2761,330,704,131,7,47,283,218,12,432,42,32,21,46,58,15,0.255,0.317,0.359,0.675
899,Jacoby Ellsbury,33,1197,MLB-AL,"Boston,New York",1191,5248,4730,729,1335,234,46,101,494,391,19,722,45,21,30,80,334,67,0.282,0.341,0.415,0.7559999999999999
903,Edwin Encarnacion,37,104,"MLB-AL,MLB-NL","Toronto,Cincinnati,Seattle,Cleveland,Chicago,New York",1634,6865,5921,948,1526,296,8,384,1082,803,45,1202,75,0,62,163,44,7,0.258,0.35,0.505,0.855
916,Alcides Escobar,31,832,"MLB-AL,MLB-NL","Kansas City,Milwaukee",1432,5702,5307,605,1367,224,54,41,442,231,17,776,46,85,33,110,174,40,0.258,0.293,0.34299999999999997,0.636
917,Eduardo Escobar,31,104,"MLB-AL,MLB-NL","Minnesota,Arizona,Chicago",966,3671,3359,426,862,189,32,110,446,245,21,712,21,13,33,50,20,14,0.257,0.308,0.43,0.7390000000000001
920,Yunel Escobar,34,1252,"MLB-AL,MLB-NL","Tampa Bay,Toronto,Atlanta,Los Angeles,Washington",1331,5600,4994,635,1397,233,12,85,491,482,15,640,50,49,25,192,29,26,0.28,0.348,0.382,0.73
924,Danny Espinosa,30,1212,"MLB-AL,MLB-NL","Tampa Bay,Seattle,Washington,Los Angeles",864,3267,2910,367,644,139,12,98,316,242,32,943,78,20,17,35,64,21,0.221,0.297,0.37799999999999995,0.675
930,Andre Ethier,35,1196,MLB-NL,Los Angeles,1166,4478,3958,541,1118,251,25,138,568,439,54,793,49,2,30,83,24,16,0.282,0.359,0.46299999999999997,0.8220000000000001
964,Prince Fielder,32,1636,"MLB-NL,MLB-AL","Milwaukee,Texas,Detroit",1257,5462,4620,669,1309,247,7,239,818,696,138,892,98,0,48,132,9,5,0.28300000000000003,0.385,0.495,0.88
971,Chone Figgins,36,2402,"MLB-AL,MLB-NL","Seattle,Los Angeles",615,2534,2184,298,561,84,13,10,138,291,4,413,8,37,14,43,137,49,0.257,0.344,0.321,0.665
989,Wilmer Flores,28,104,MLB-NL,"New York,Arizona,San Francisco",716,2509,2329,275,625,125,3,89,322,133,7,328,20,3,24,64,4,2,0.268,0.31,0.439,0.75
993,Tyler Flowers,34,104,"MLB-NL,MLB-AL","Atlanta,Chicago",776,2776,2456,267,582,111,5,86,301,227,6,852,75,4,14,56,2,4,0.237,0.319,0.391,0.71
1005,Logan Forsythe,33,137,"MLB-AL,MLB-NL","Tampa Bay,San Diego,Minnesota,Los Angeles,Miami,Texas",960,3540,3120,389,762,150,13,71,307,343,9,757,47,5,24,73,42,13,0.244,0.326,0.369,0.695
1006,Dexter Fowler,34,104,"MLB-NL,MLB-AL","Chicago,St. Louis,Colorado,Houston",1436,5881,5020,814,1301,253,82,127,516,739,16,1320,51,43,28,58,148,66,0.259,0.358,0.418,0.7759999999999999
1012,Ben Francisco,31,2794,"MLB-NL,MLB-AL","Philadelphia,Cleveland,Toronto,Houston,New York,Tampa Bay",531,1705,1517,189,383,99,3,47,178,143,2,306,23,9,13,34,30,15,0.252,0.324,0.415,0.738
1015,Maikel Franco,27,104,"MLB-NL,MLB-AL","Philadelphia,Kansas City",716,2782,2561,302,645,126,4,110,381,189,39,427,11,0,21,76,4,0,0.252,0.304,0.433,0.737
1016,Jeff Francoeur,32,1560,"MLB-NL,MLB-AL","San Francisco,Kansas City,New York,Philadelphia,Miami,Atlanta,Texas,San Diego",1079,4005,3710,418,939,197,20,98,445,208,34,761,42,2,42,93,45,26,0.253,0.297,0.396,0.693
1020,Adam Frazier,28,104,MLB-NL,Pittsburgh,508,1804,1633,230,446,91,16,35,172,134,8,246,24,7,6,21,20,16,0.273,0.336,0.413,0.7490000000000001
1023,Todd Frazier,34,104,"MLB-AL,MLB-NL","Chicago,Cincinnati,Texas,New York",1228,4909,4357,601,1056,211,15,218,636,435,12,1079,75,4,38,94,73,37,0.242,0.319,0.44799999999999995,0.767
1026,Freddie Freeman,30,104,MLB-NL,Atlanta,1398,5965,5167,849,1524,342,23,240,858,691,87,1205,68,0,39,115,45,13,0.295,0.38299999999999995,0.509,0.892
1029,David Freese,36,469,"MLB-NL,MLB-AL","St. Louis,Los Angeles,Pittsburgh",1177,4229,3758,481,1041,197,7,113,535,370,11,974,73,4,24,134,8,9,0.27699999999999997,0.35100000000000003,0.423,0.775
1041,Kosuke Fukudome,35,3142,"MLB-NL,MLB-AL","Chicago,Cleveland",584,2276,1929,264,498,111,13,42,195,307,17,402,8,14,18,35,29,23,0.258,0.359,0.395,0.754
1046,Rafael Furcal,36,2394,MLB-NL,"Los Angeles,St. Louis,Miami",499,2209,1984,309,540,96,18,35,185,195,8,269,8,13,9,30,63,19,0.272,0.33799999999999997,0.392,0.73
1056,Joey Gallo,26,104,MLB-AL,Texas,472,1785,1516,262,316,68,6,120,262,250,14,672,17,1,1,6,20,5,0.20800000000000002,0.327,0.499,0.825
1058,Freddy Galvis,30,104,"MLB-NL,MLB-AL","Cincinnati,Philadelphia,Toronto,San Diego",993,3843,3564,383,880,156,26,95,386,214,14,775,19,25,21,77,56,19,0.247,0.292,0.385,0.677
1065,Avisail Garcia,29,104,"MLB-AL,MLB-NL","Chicago,Detroit,Tampa Bay,Milwaukee",813,3234,2973,385,805,123,16,98,389,200,16,756,42,0,19,76,37,24,0.271,0.324,0.42200000000000004,0.746
1073,Leury Garcia,29,152,MLB-AL,"Chicago,Texas",466,1613,1502,192,386,55,11,26,127,61,1,388,18,24,8,18,56,12,0.257,0.293,0.36,0.653
1081,Brett Gardner,36,104,MLB-AL,New York,1511,6154,5351,896,1384,235,69,129,539,639,6,1146,64,64,36,55,270,59,0.259,0.34299999999999997,0.401,0.743
1094,Evan Gattis,31,832,"MLB-AL,MLB-NL","Houston,Atlanta",705,2662,2443,299,605,116,12,139,410,167,18,575,26,0,26,67,3,2,0.248,0.3,0.47600000000000003,0.775
1102,Scooter Gennett,29,502,MLB-NL,"Cincinnati,Milwaukee,San Francisco",786,2911,2704,365,773,149,16,87,360,156,15,571,17,17,16,63,24,11,0.28600000000000003,0.327,0.449,0.7759999999999999
1111,Jason Giambi,43,2296,"MLB-AL,MLB-NL","Cleveland,Colorado,Oakland,New York",555,1698,1394,179,311,62,1,76,258,237,15,375,45,0,22,33,4,2,0.223,0.349,0.433,0.782
1138,Ryan Goins,32,133,MLB-AL,"Toronto,Kansas City,Chicago",526,1690,1545,154,353,71,12,22,158,108,1,371,3,23,11,46,6,4,0.228,0.278,0.33299999999999996,0.611
1139,Paul Goldschmidt,32,104,MLB-NL,"Arizona,St. Louis",1309,5621,4763,837,1395,305,20,249,828,770,105,1268,35,0,41,114,128,28,0.293,0.392,0.522,0.914
1143,Jonny Gomes,34,1924,"MLB-AL,MLB-NL","Oakland,Tampa Bay,Atlanta,Cincinnati,Boston,Kansas City,Washington",857,2716,2346,332,566,102,5,104,363,281,15,721,55,1,33,35,28,8,0.24100000000000002,0.332,0.42200000000000004,0.754
1145,Yan Gomes,32,104,"MLB-AL,MLB-NL","Toronto,Cleveland,Washington",765,2899,2657,320,654,143,7,103,364,166,12,716,44,2,30,67,5,0,0.24600000000000002,0.298,0.42200000000000004,0.72
1146,Carlos Gomez,33,560,"MLB-AL,MLB-NL","Minnesota,Milwaukee,Tampa Bay,Houston,Texas,New York",1365,5088,4599,661,1160,233,41,143,534,311,7,1232,109,45,24,75,256,69,0.252,0.313,0.414,0.727
1155,Adrian Gonzalez,36,944,"MLB-NL,MLB-AL","Los Angeles,San Diego,Boston,New York",1547,6489,5731,789,1651,343,7,256,996,653,138,1105,39,3,60,174,6,4,0.28800000000000003,0.361,0.484,0.846
1157,Alex Gonzalez,37,2459,"MLB-AL,MLB-NL","Boston,Cincinnati,Atlanta,Milwaukee,Detroit,Toronto",488,1901,1774,201,424,98,5,51,210,84,7,354,15,17,11,46,6,3,0.239,0.278,0.386,0.664
1160,Carlos Gonzalez,33,562,"MLB-NL,MLB-AL","Colorado,Chicago,Cleveland,Oakland",1359,5550,5032,821,1432,302,40,234,785,448,55,1240,22,7,41,93,122,28,0.285,0.34299999999999997,0.5,0.843
1168,Marwin Gonzalez,31,104,"MLB-AL,MLB-NL","Houston,Minnesota",946,3369,3067,370,799,162,8,96,369,227,10,681,30,34,11,75,38,23,0.261,0.317,0.41200000000000003,0.7290000000000001
1177,Alex Gordon,36,104,MLB-AL,Kansas City,1596,6649,5848,807,1509,321,22,175,689,643,44,1398,108,7,41,98,99,32,0.258,0.34,0.41,0.7509999999999999
1192,Yasmani Grandal,31,104,"MLB-NL,MLB-AL","San Diego,Los Angeles,Milwaukee,Chicago",923,3486,2954,401,710,143,7,149,443,487,9,831,17,2,26,85,11,3,0.24,0.348,0.445,0.7929999999999999
1193,Curtis Granderson,38,468,"MLB-AL,MLB-NL","New York,Detroit,Los Angeles,Toronto,Milwaukee,Miami",1678,6749,5841,985,1410,270,59,294,775,793,28,1550,58,16,41,54,118,37,0.24100000000000002,0.336,0.45899999999999996,0.795
1215,Didi Gregorius,30,104,"MLB-NL,MLB-AL","Arizona,New York,Philadelphia,Cincinnati",906,3619,3311,451,877,155,21,120,457,216,18,509,41,15,34,42,33,13,0.265,0.315,0.433,0.748
1218,Randal Grichuk,28,104,"MLB-NL,MLB-AL","St. Louis,Toronto",730,2706,2516,352,620,153,20,134,358,156,6,748,22,1,11,58,21,8,0.24600000000000002,0.295,0.483,0.778
1226,Robbie Grossman,30,105,MLB-AL,"Houston,Minnesota,Oakland",724,2748,2362,319,596,131,10,50,254,345,5,574,17,12,12,28,37,19,0.252,0.35,0.38,0.73
1236,Vladimir Guerrero,36,3391,MLB-AL,"Los Angeles,Texas,Baltimore",540,2240,2079,287,618,104,6,84,319,122,27,249,24,0,15,85,13,9,0.297,0.341,0.474,0.815
1243,Yuli Gurriel,36,104,MLB-AL,Houston,512,2116,1971,264,565,135,5,71,301,99,3,229,21,0,25,59,14,8,0.287,0.324,0.46799999999999997,0.792
1246,Franklin Gutierrez,34,1295,"MLB-AL,MLB-NL","Seattle,Cleveland,Los Angeles",793,2890,2623,330,669,128,7,83,317,203,11,630,21,24,19,60,70,15,0.255,0.312,0.40399999999999997,0.716
1257,Jedd Gyorko,31,104,MLB-NL,"San Diego,Los Angeles,St. Louis,Milwaukee",845,2983,2693,317,659,111,5,121,370,248,6,670,18,0,24,77,14,4,0.245,0.31,0.424,0.735
1262,Travis Hafner,36,2659,MLB-AL,"Cleveland,New York",511,2009,1738,208,435,88,3,71,251,219,31,420,40,0,11,34,5,0,0.25,0.34600000000000003,0.42700000000000005,0.773
1266,Jerry Hairston,37,2663,"MLB-NL,MLB-AL","Cincinnati,New York,Milwaukee,San Diego,Los Angeles,Washington",606,2075,1853,241,485,97,7,37,204,156,5,239,24,25,17,29,35,15,0.262,0.324,0.382,0.706
1267,Scott Hairston,34,2295,"MLB-NL,MLB-AL","San Diego,Washington,Oakland,Chicago,New York",683,1966,1794,222,433,97,9,82,246,127,5,423,19,5,21,31,31,6,0.24100000000000002,0.295,0.44299999999999995,0.738
1276,Billy Hamilton,29,104,"MLB-NL,MLB-AL","Chicago,Cincinnati,Kansas City,New York,Atlanta",832,3125,2839,416,684,101,36,22,178,224,1,648,4,40,18,18,305,68,0.24100000000000002,0.29600000000000004,0.325,0.621
1277,Josh Hamilton,34,1924,MLB-AL,"Texas,Los Angeles",933,4013,3611,557,1047,217,22,181,654,319,51,873,29,1,53,60,47,12,0.29,0.348,0.513,0.86
1288,Ryan Hanigan,36,1196,"MLB-NL,MLB-AL","Cincinnati,Colorado,Boston,Tampa Bay",643,2258,1949,189,489,70,1,30,212,254,39,288,29,14,11,55,1,1,0.251,0.344,0.33399999999999996,0.6779999999999999
1290,Jack Hannahan,34,2296,"MLB-AL,MLB-NL","Seattle,Cleveland,Oakland,Cincinnati",532,1698,1497,151,341,81,5,26,151,171,5,400,10,9,10,33,5,4,0.228,0.309,0.341,0.65
1301,J.J. Hardy,34,1196,"MLB-AL,MLB-NL","Baltimore,Milwaukee,Minnesota",1246,5105,4713,570,1201,234,12,148,544,317,16,816,13,28,34,129,5,3,0.255,0.302,0.40399999999999997,0.705
1304,Bryce Harper,27,104,MLB-NL,"Philadelphia,Washington",1142,4883,4069,749,1122,228,21,232,668,733,89,1055,31,10,40,81,98,31,0.276,0.387,0.513,0.9
1310,Josh Harrison,32,104,"MLB-NL,MLB-AL","Pittsburgh,Washington,Detroit",902,3249,3002,384,819,163,28,56,291,132,5,495,60,27,28,48,80,28,0.273,0.314,0.402,0.716
1313,Corey Hart,33,2029,"MLB-AL,MLB-NL","Seattle,Milwaukee,Pittsburgh",799,3228,2929,422,782,173,21,127,417,227,12,684,39,10,23,71,55,20,0.267,0.326,0.47,0.7959999999999999
1323,Brad Hawpe,34,2728,"MLB-NL,MLB-AL","Colorado,Tampa Bay,San Diego,Los Angeles",464,1752,1510,203,404,97,8,61,236,221,19,446,10,0,11,36,5,5,0.268,0.36200000000000004,0.46399999999999997,0.826
1333,Chase Headley,34,974,"MLB-AL,MLB-NL","New York,San Diego",1425,5740,5070,636,1333,271,16,130,596,572,30,1294,60,3,35,111,93,26,0.263,0.34299999999999997,0.4,0.742
1338,Adeiny Hechavarria,31,104,"MLB-NL,MLB-AL","Atlanta,Tampa Bay,New York,Toronto,Miami,Pittsburgh",910,3288,3071,311,778,116,36,37,273,163,20,550,9,19,25,88,35,18,0.253,0.29100000000000004,0.35100000000000003,0.6409999999999999
1345,Chris Heisey,32,1267,MLB-NL,"Cincinnati,Washington,Los Angeles",654,1758,1594,218,380,69,12,62,178,110,6,414,27,14,13,21,25,10,0.23800000000000002,0.29600000000000004,0.413,0.71
1350,Todd Helton,39,2659,MLB-NL,Colorado,663,2697,2301,297,642,138,6,66,319,355,23,415,9,0,32,50,1,2,0.27899999999999997,0.373,0.43,0.8029999999999999
1364,Cesar Hernandez,30,104,"MLB-NL,MLB-AL","Philadelphia,Cleveland",887,3543,3148,442,873,133,27,49,273,349,15,677,21,12,12,47,80,32,0.27699999999999997,0.35200000000000004,0.38299999999999995,0.736
1368,Enrique Hernandez,28,104,"MLB-NL,MLB-AL","Los Angeles,Miami,Houston",685,2008,1791,252,430,94,12,71,227,184,11,417,12,6,15,28,12,1,0.24,0.313,0.425,0.738
1377,Ramon Hernandez,37,2768,"MLB-NL,MLB-AL","Cincinnati,Colorado,Los Angeles,Baltimore",470,1769,1593,152,420,78,3,47,220,129,13,225,20,10,17,45,2,1,0.264,0.32299999999999995,0.405,0.728
1388,Odubel Herrera,27,594,MLB-NL,Philadelphia,627,2492,2280,294,630,122,16,60,233,171,14,544,26,8,7,36,56,20,0.276,0.33299999999999996,0.423,0.7559999999999999
1398,Jason Heyward,30,105,MLB-NL,"St. Louis,Chicago,Atlanta",1410,5761,5067,731,1325,249,36,150,601,606,23,1001,49,6,25,86,112,31,0.261,0.345,0.414,0.758
1399,Aaron Hicks,30,104,MLB-AL,"Minnesota,New York",697,2697,2317,352,544,99,12,88,297,337,5,562,11,10,22,30,55,17,0.235,0.332,0.402,0.7340000000000001
1405,Aaron Hill,35,1296,"MLB-NL,MLB-AL","Arizona,Toronto,San Francisco,Boston,Milwaukee",1136,4547,4131,530,1066,225,14,136,527,326,15,638,41,9,37,93,63,22,0.258,0.316,0.418,0.7340000000000001
1432,Matt Holliday,38,831,"MLB-NL,MLB-AL","St. Louis,Oakland,Colorado,New York",1344,5638,4893,785,1421,318,11,213,825,626,46,962,86,0,33,155,70,17,0.29,0.37799999999999995,0.49,0.8690000000000001
1437,Brock Holt,32,104,"MLB-AL,MLB-NL","Boston,Milwaukee,Pittsburgh,Washington",664,2401,2132,295,572,114,16,23,211,210,3,459,23,15,21,37,36,14,0.268,0.337,0.369,0.7070000000000001
1445,Rhys Hoskins,27,119,MLB-NL,Philadelphia,404,1761,1448,247,347,87,5,91,255,269,9,411,28,0,13,23,10,3,0.24,0.366,0.495,0.861
1446,Eric Hosmer,30,105,"MLB-AL,MLB-NL","Kansas City,San Diego",1393,5893,5366,714,1492,272,20,176,770,471,46,1047,17,2,37,137,71,21,0.278,0.336,0.435,0.7709999999999999
1450,Ryan Howard,36,1560,MLB-NL,Philadelphia,1161,4789,4246,593,1050,204,18,253,841,459,74,1350,43,0,40,88,11,4,0.247,0.324,0.483,0.807
1463,Orlando Hudson,34,3020,"MLB-NL,MLB-AL","Arizona,Chicago,San Diego,Los Angeles,Minnesota",584,2380,2111,283,564,106,25,33,211,221,13,381,12,21,15,59,47,8,0.267,0.33799999999999997,0.38799999999999996,0.726
1465,Aubrey Huff,35,3020,"MLB-NL,MLB-AL","San Francisco,Baltimore,Detroit",661,2600,2302,307,619,144,9,86,345,250,26,369,19,0,29,55,16,8,0.26899999999999996,0.342,0.451,0.7929999999999999
1475,Nick Hundley,35,581,"MLB-NL,MLB-AL","San Francisco,San Diego,Colorado,Baltimore,Oakland",966,3373,3097,319,766,169,20,93,376,219,18,810,19,10,28,69,15,14,0.247,0.299,0.405,0.703
1478,Torii Hunter,39,1925,MLB-AL,"Los Angeles,Detroit,Minnesota",1132,4798,4365,624,1234,239,13,161,680,342,20,871,48,4,39,128,69,29,0.28300000000000003,0.33899999999999997,0.45399999999999996,0.7929999999999999
1483,Chris Iannetta,36,518,"MLB-AL,MLB-NL","Los Angeles,Arizona,Seattle,Colorado",1090,3926,3289,415,757,169,8,135,465,534,24,949,63,7,33,79,11,5,0.23,0.345,0.41,0.755
1484,Raul Ibanez,42,2295,"MLB-NL,MLB-AL","Philadelphia,Kansas City,New York,Seattle,Los Angeles",936,3685,3316,445,850,190,20,146,523,331,39,697,13,0,25,81,18,7,0.256,0.324,0.45799999999999996,0.782
1485,José Iglesias,30,105,"MLB-NL,MLB-AL","Cincinnati,Baltimore,Boston,Detroit",830,3064,2847,325,792,163,12,35,271,135,6,370,44,24,14,66,52,27,0.278,0.319,0.381,0.7
1488,Ender Inciarte,29,104,MLB-NL,"Atlanta,Arizona",800,3325,3038,435,857,136,28,40,253,232,11,425,18,19,18,34,117,37,0.282,0.335,0.385,0.72
1489,Omar Infante,34,1682,"MLB-AL,MLB-NL","Kansas City,Atlanta,Detroit,Miami,Florida",1000,3966,3679,417,1024,179,36,50,388,196,8,470,8,42,41,70,46,12,0.278,0.313,0.387,0.7
1490,Brandon Inge,36,2729,"MLB-AL,MLB-NL","Oakland,Detroit,Pittsburgh",636,2368,2100,226,465,87,12,67,289,201,8,595,34,13,20,47,11,10,0.221,0.297,0.37,0.667
1499,Cesar Izturis,33,2659,"MLB-AL,MLB-NL","Baltimore,Milwaukee,Cincinnati,Washington,St. Louis",520,1729,1600,149,391,52,10,6,105,87,4,153,15,22,5,40,48,14,0.244,0.289,0.301,0.589
1500,Maicer Izturis,33,2464,MLB-AL,"Los Angeles,Toronto",589,2246,2027,267,541,108,6,26,220,169,5,240,19,13,18,44,59,17,0.267,0.326,0.365,0.691
1502,Austin Jackson,31,832,"MLB-AL,MLB-NL","Seattle,Chicago,Detroit,New York,San Francisco,Cleveland",1098,4653,4200,621,1145,218,53,65,381,374,9,1120,22,28,29,81,114,38,0.273,0.33299999999999996,0.396,0.7290000000000001
1521,John Jaso,33,1196,"MLB-AL,MLB-NL","Tampa Bay,Oakland,Seattle,Pittsburgh",796,2591,2224,295,573,143,12,55,281,319,6,412,28,5,15,52,16,6,0.258,0.35600000000000004,0.40700000000000003,0.763
1522,Jon Jay,35,105,"MLB-NL,MLB-AL","St. Louis,Kansas City,Chicago,Arizona,San Diego",1177,4301,3825,530,1082,185,25,37,340,285,22,714,110,55,26,90,55,28,0.28300000000000003,0.348,0.373,0.721
1529,Desmond Jennings,29,1621,MLB-AL,Tampa Bay,558,2351,2076,311,508,99,22,55,191,219,2,481,24,22,10,30,95,27,0.245,0.322,0.39299999999999996,0.716
1532,Derek Jeter,40,2295,MLB-AL,New York,912,4179,3768,545,1110,159,12,65,378,321,10,549,41,30,19,116,94,20,0.295,0.355,0.395,0.75
1546,Chris Johnson,31,1560,"MLB-NL,MLB-AL","Atlanta,Houston,Arizona,Miami,Cleveland",831,2995,2811,256,773,154,10,63,339,144,16,753,19,4,17,89,18,3,0.275,0.313,0.40399999999999997,0.7170000000000001
1554,Kelly Johnson,34,1560,"MLB-NL,MLB-AL","Atlanta,Arizona,Tampa Bay,Toronto,Boston,New York,Baltimore",1149,4196,3731,495,926,192,27,130,442,397,15,952,23,24,19,51,76,28,0.248,0.32299999999999995,0.419,0.741
1562,Reed Johnson,38,1925,MLB-NL,"Chicago,Los Angeles,Miami,Atlanta,Washington",669,1691,1548,199,429,101,9,23,174,62,3,345,54,13,14,27,13,11,0.27699999999999997,0.325,0.39899999999999997,0.723
1566,Adam Jones,33,469,"MLB-AL,MLB-NL","Baltimore,Arizona",1743,7370,6871,941,1907,330,28,279,933,334,20,1353,102,7,55,187,92,27,0.278,0.318,0.456,0.774
1569,Chipper Jones,40,3020,MLB-NL,Atlanta,604,2471,2086,323,609,124,4,82,324,360,56,328,3,0,22,62,16,2,0.292,0.39299999999999996,0.473,0.867
1570,Garrett Jones,34,1991,"MLB-NL,MLB-AL","Pittsburgh,Miami,New York",873,3144,2847,340,718,176,11,120,395,259,18,660,7,0,30,55,27,9,0.252,0.313,0.44799999999999995,0.7609999999999999
1583,Matthew Joyce,35,104,"MLB-AL,MLB-NL","Oakland,Tampa Bay,Detroit,Miami,Atlanta,Los Angeles,Pittsburgh",1336,4286,3663,531,893,205,15,147,496,547,26,919,31,3,42,74,35,18,0.244,0.34299999999999997,0.428,0.772
1584,Aaron Judge,28,104,MLB-AL,New York,424,1832,1518,313,413,69,4,119,268,286,18,575,15,0,11,43,18,8,0.272,0.39,0.5579999999999999,0.948
1615,Matt Kemp,35,106,MLB-NL,"Colorado,San Diego,Atlanta,Cincinnati,Los Angeles",1595,6506,5919,873,1669,319,31,270,966,493,68,1522,26,1,66,177,168,53,0.282,0.336,0.483,0.82
1618,Howie Kendrick,36,126,"MLB-AL,MLB-NL","Los Angeles,Philadelphia,Washington",1458,5785,5345,712,1562,309,35,118,655,331,30,997,53,23,33,173,115,39,0.292,0.33799999999999997,0.429,0.767
1620,Adam Kennedy,36,3046,"MLB-AL,MLB-NL","Seattle,Oakland,Washington,Los Angeles,St. Louis",565,1952,1759,208,466,93,8,25,184,148,11,274,12,14,18,39,50,11,0.265,0.32299999999999995,0.37,0.693
1625,Max Kepler,27,104,MLB-AL,Minnesota,595,2425,2141,324,508,123,8,101,303,242,7,441,24,2,16,21,20,12,0.237,0.319,0.444,0.763
1627,Jeff Keppinger,33,2665,"MLB-NL,MLB-AL","Cincinnati,Houston,Tampa Bay,San Francisco,Chicago",693,2690,2465,265,685,119,8,35,246,164,8,189,12,23,24,81,8,5,0.278,0.32299999999999995,0.375,0.698
1634,Kevin Kiermaier,30,105,MLB-AL,Tampa Bay,717,2740,2499,328,619,113,44,71,257,189,10,576,29,14,9,32,97,28,0.248,0.307,0.413,0.72
1646,Ian Kinsler,37,516,"MLB-AL,MLB-NL","Texas,Detroit,Los Angeles,San Diego,Boston",1636,7259,6517,1082,1751,367,38,223,793,591,8,899,80,23,48,135,209,59,0.26899999999999996,0.335,0.439,0.774
1648,Jason Kipnis,33,104,"MLB-AL,MLB-NL","Cleveland,Chicago",1165,4984,4404,607,1147,260,24,126,545,467,16,951,39,26,48,76,136,30,0.26,0.33299999999999996,0.41600000000000004,0.75
1662,Paul Konerko,38,2295,MLB-AL,Chicago,923,3747,3283,414,906,150,3,163,517,383,38,576,45,0,36,90,4,1,0.276,0.35600000000000004,0.47200000000000003,0.828
1668,Casey Kotchman,30,2772,"MLB-AL,MLB-NL","Boston,Miami,Seattle,Tampa Bay,Atlanta,Cleveland,Los Angeles",665,2545,2307,229,595,107,4,52,277,185,23,254,35,3,15,73,8,2,0.258,0.321,0.375,0.696
1671,Kevin Kouzmanoff,32,2454,"MLB-AL,MLB-NL","Oakland,San Diego,Colorado,Texas",521,2135,1985,212,505,111,6,66,286,88,10,394,40,0,22,65,5,1,0.254,0.29600000000000004,0.41600000000000004,0.713
1678,Jason Kubel,32,2409,"MLB-AL,MLB-NL","Minnesota,Arizona,Cleveland",808,3114,2781,360,728,146,17,117,466,296,32,700,10,0,27,67,4,4,0.262,0.332,0.45299999999999996,0.785
1688,Juan Lagares,31,136,MLB-NL,New York,675,2120,1961,227,498,97,19,25,179,106,13,438,21,17,15,38,44,15,0.254,0.297,0.361,0.6579999999999999
1692,Gerald Laird,35,2103,"MLB-AL,MLB-NL","Texas,Detroit,Arizona,St. Louis,Atlanta",505,1766,1571,184,380,89,4,19,145,132,7,284,25,25,13,40,12,7,0.242,0.308,0.34,0.648
1697,Jake Lamb,29,104,"MLB-NL,MLB-AL","Arizona,Oakland",608,2315,2017,290,483,101,21,84,312,259,22,585,20,0,19,46,18,10,0.239,0.32899999999999996,0.435,0.764
1709,Adam LaRoche,35,1926,"MLB-NL,MLB-AL","Arizona,Boston,Washington,Pittsburgh,Atlanta,Chicago",1050,4283,3763,494,952,205,11,169,581,467,49,983,14,0,39,76,12,6,0.253,0.335,0.44799999999999995,0.7829999999999999
1719,Brett Lawrie,26,1633,MLB-AL,"Toronto,Chicago,Oakland",587,2417,2217,266,578,112,13,71,253,153,5,487,27,8,12,28,41,17,0.261,0.315,0.419,0.7340000000000001
1726,Carlos Lee,36,3020,MLB-NL,"Houston,Miami",733,3060,2786,312,775,156,7,105,462,232,25,268,13,0,29,71,19,6,0.278,0.33299999999999996,0.452,0.7859999999999999
1729,Derrek Lee,35,3391,"MLB-NL,MLB-AL","Chicago,Pittsburgh,Atlanta,Baltimore",557,2416,2137,319,602,129,7,93,340,253,12,472,11,0,15,76,12,5,0.282,0.358,0.479,0.838
1733,DJ LeMahieu,31,104,"MLB-NL,MLB-AL","Chicago,Colorado,New York",1134,4670,4242,651,1294,206,35,85,478,342,20,688,19,35,32,130,83,36,0.305,0.35700000000000004,0.43,0.787
1756,Adam Lind,33,1196,"MLB-AL,MLB-NL","Toronto,Seattle,Milwaukee,Washington",1233,4653,4227,546,1156,237,12,187,669,372,45,868,16,1,37,110,6,2,0.273,0.332,0.46799999999999997,0.8
1758,Francisco Lindor,26,104,MLB-AL,Cleveland,777,3510,3140,508,896,191,15,138,411,284,27,496,25,25,36,67,99,27,0.285,0.34600000000000003,0.488,0.833
1781,James Loney,32,1560,"MLB-NL,MLB-AL","Los Angeles,Tampa Bay,New York,Boston",1282,5001,4577,467,1282,243,12,89,584,361,55,594,18,8,36,142,37,16,0.28,0.33299999999999996,0.397,0.7290000000000001
1783,Evan Longoria,34,104,"MLB-AL,MLB-NL","Tampa Bay,San Francisco",1741,7380,6576,916,1752,392,26,304,1043,645,81,1472,69,1,89,183,57,16,0.266,0.33399999999999996,0.473,0.807
1786,Felipe Lopez,31,3430,"MLB-NL,MLB-AL","Washington,Boston,Milwaukee,St. Louis,Tampa Bay,Arizona",454,1806,1617,216,443,88,6,25,151,166,8,298,6,9,8,29,23,12,0.27399999999999997,0.342,0.382,0.7240000000000001
1789,Jose Lopez,28,3020,"MLB-AL,MLB-NL","Seattle,Chicago,Cleveland,Florida,Colorado",621,2452,2317,239,608,138,1,64,292,90,12,271,12,10,23,74,14,8,0.262,0.29100000000000004,0.406,0.696
1807,Jed Lowrie,35,468,"MLB-AL,MLB-NL","Oakland,Boston,Houston,New York",1105,4500,3991,521,1043,259,17,104,509,439,18,748,22,8,40,81,7,1,0.261,0.335,0.413,0.748
1811,Jonathan Lucroy,34,169,"MLB-NL,MLB-AL","Colorado,Chicago,Milwaukee,Boston,Oakland,Texas,Los Angeles",1199,4569,4122,481,1128,216,24,108,547,366,20,658,34,7,40,136,30,9,0.27399999999999997,0.335,0.41600000000000004,0.7509999999999999
1813,Ryan Ludwick,35,2296,MLB-NL,"Pittsburgh,Cincinnati,San Diego,St. Louis",839,3285,2914,375,763,163,7,126,492,286,14,717,36,6,30,57,9,11,0.262,0.332,0.452,0.785
1829,Manny Machado,27,104,"MLB-AL,MLB-NL","Baltimore,Los Angeles,San Diego",1142,4989,4531,647,1268,244,15,223,645,387,41,834,21,14,36,141,64,30,0.28,0.337,0.488,0.825
1852,Martin Maldonado,33,106,"MLB-AL,MLB-NL","Houston,Chicago,Milwaukee,Kansas City,Los Angeles",745,2508,2235,236,488,95,3,69,244,189,16,617,51,26,7,55,3,5,0.218,0.293,0.35600000000000004,0.649
1855,Trey Mancini,27,468,MLB-AL,Baltimore,462,1916,1741,243,480,88,9,86,238,140,5,439,21,0,14,51,2,1,0.276,0.335,0.485,0.8190000000000001
1863,Manuel Margot,25,105,"MLB-NL,MLB-AL","San Diego,Tampa Bay",474,1685,1544,185,386,76,19,34,141,118,5,314,6,5,12,21,62,24,0.25,0.304,0.39,0.693
1866,Jake Marisnick,29,113,"MLB-AL,MLB-NL","Houston,Miami,New York",671,1884,1724,247,395,80,10,56,183,101,5,561,28,19,11,26,73,24,0.22899999999999998,0.281,0.385,0.6659999999999999
1868,Nick Markakis,36,104,"MLB-NL,MLB-AL","Atlanta,Baltimore",1846,8070,7175,950,2054,446,17,150,872,787,71,1046,43,0,65,177,46,18,0.28600000000000003,0.35700000000000004,0.41600000000000004,0.773
1882,Ketel Marte,26,104,"MLB-NL,MLB-AL","Arizona,Seattle",588,2371,2149,294,607,122,29,56,236,185,8,350,14,6,17,35,39,12,0.282,0.341,0.444,0.785
1884,Starling Marte,31,104,MLB-NL,"Pittsburgh,Arizona,Miami",1007,4236,3875,591,1111,206,43,114,447,208,14,853,120,15,18,74,249,72,0.287,0.341,0.45,0.7909999999999999
1889,Leonys Martín,31,569,"MLB-AL,MLB-NL","Seattle,Texas,Cleveland,Chicago,Detroit",754,2792,2532,334,617,94,22,58,228,190,6,637,24,30,16,32,126,43,0.244,0.301,0.36700000000000005,0.6679999999999999
1891,Russell Martin,36,469,"MLB-NL,MLB-AL","Los Angeles,Pittsburgh,New York,Toronto",1411,5560,4746,651,1141,197,2,162,619,680,37,1065,96,11,27,157,70,32,0.24,0.345,0.385,0.731
1895,J.D. Martinez,32,104,"MLB-NL,MLB-AL","Arizona,Houston,Detroit,Boston",1121,4661,4183,622,1213,254,17,238,738,411,46,1129,24,0,40,128,25,10,0.29,0.354,0.53,0.883
1905,Victor Martinez,39,840,MLB-AL,"Boston,Cleveland,Detroit",1324,5446,4905,587,1434,270,2,160,762,458,79,567,29,0,54,177,6,2,0.292,0.353,0.446,0.799
1916,Jeff Mathis,37,105,"MLB-NL,MLB-AL","Arizona,Toronto,Texas,Miami,Los Angeles",838,2746,2481,221,481,98,8,47,257,183,16,804,14,48,20,36,12,6,0.19399999999999998,0.251,0.297,0.5479999999999999
1920,Hideki Matsui,38,3093,MLB-AL,"Oakland,New York,Tampa Bay,Los Angeles",553,2152,1887,225,500,91,2,72,298,233,17,326,9,0,15,39,1,2,0.265,0.34600000000000003,0.43,0.7759999999999999
1930,Joe Mauer,35,832,MLB-AL,Minnesota,1440,6205,5407,791,1646,331,20,108,707,731,102,851,19,4,44,163,23,7,0.304,0.386,0.433,0.8190000000000001
1940,Cameron Maybin,33,104,"MLB-NL,MLB-AL","Atlanta,Detroit,Florida,Chicago,Seattle,San Diego,Los Angeles,Miami,New York,Houston",1109,4164,3746,546,965,170,34,71,352,362,11,887,23,18,15,87,181,51,0.258,0.326,0.37799999999999995,0.7040000000000001
1945,Nomar Mazara,25,104,MLB-AL,"Texas,Chicago",579,2338,2124,266,549,101,7,80,323,172,11,507,23,0,19,42,7,5,0.258,0.318,0.426,0.7440000000000001
1953,Brian McCann,35,468,"MLB-AL,MLB-NL","Houston,New York,Atlanta",1426,5602,4941,610,1257,215,5,235,810,546,51,900,66,3,46,144,22,7,0.254,0.33399999999999996,0.44299999999999995,0.7759999999999999
1954,James McCann,30,105,MLB-AL,"Chicago,Detroit",592,2245,2072,217,516,87,9,65,252,129,1,573,26,7,11,58,7,6,0.249,0.3,0.39399999999999996,0.6940000000000001
1963,Andrew McCutchen,33,104,"MLB-AL,MLB-NL","New York,Pittsburgh,Philadelphia,San Francisco",1617,7014,6038,974,1719,343,48,243,853,845,64,1286,73,3,55,98,191,68,0.285,0.376,0.478,0.8540000000000001
1969,Casey McGehee,33,1575,"MLB-AL,MLB-NL","New York,Milwaukee,Miami,San Francisco,Pittsburgh,Chicago,Detroit",836,3086,2798,285,721,141,6,67,380,249,14,517,8,0,31,115,7,9,0.258,0.317,0.384,0.701
1983,Nate McLouth,32,2353,"MLB-AL,MLB-NL","Baltimore,Atlanta,Washington,Pittsburgh",747,2940,2551,389,628,148,14,76,267,306,21,483,40,28,15,29,99,21,0.24600000000000002,0.33399999999999996,0.405,0.7390000000000001
2016,Jordy Mercer,33,131,"MLB-NL,MLB-AL","Pittsburgh,Detroit,New York",886,3290,2987,317,766,166,15,64,299,237,56,556,27,22,17,72,13,8,0.256,0.315,0.386,0.7020000000000001
2018,Whit Merrifield,31,104,MLB-AL,Kansas City,605,2669,2459,355,725,150,22,58,271,166,8,433,21,4,19,37,119,29,0.295,0.342,0.444,0.787
2037,Brad Miller,30,105,"MLB-AL,MLB-NL","Seattle,Tampa Bay,Philadelphia,St. Louis,Cleveland,Milwaukee",804,2847,2524,316,606,117,27,95,318,277,8,681,14,9,21,29,36,16,0.24,0.316,0.42100000000000004,0.737
2065,Jose Molina,39,2295,MLB-AL,"Tampa Bay,New York,Toronto",505,1662,1505,136,340,63,1,23,116,106,2,339,19,23,9,52,11,2,0.226,0.284,0.315,0.599
2066,Yadier Molina,37,104,MLB-NL,St. Louis,1607,6384,5827,606,1682,319,6,138,779,417,36,669,56,23,61,214,62,24,0.289,0.33899999999999997,0.41700000000000004,0.755
2068,Yoan Moncada,25,104,MLB-AL,"Chicago,Boston",395,1691,1507,218,392,83,16,56,187,165,3,529,9,3,7,6,25,9,0.26,0.335,0.44799999999999995,0.7829999999999999
2077,Miguel Montero,34,1010,"MLB-NL,MLB-AL","Arizona,Chicago,Toronto,Washington",1089,4082,3571,428,921,189,7,116,510,425,54,843,51,4,31,99,5,6,0.258,0.34299999999999997,0.41200000000000003,0.755
2092,Kendrys Morales,36,578,MLB-AL,"Minnesota,Los Angeles,Seattle,Toronto,Oakland,Kansas City,New York",1262,5016,4540,551,1208,237,6,204,703,394,36,929,47,0,35,154,5,5,0.266,0.32899999999999996,0.456,0.784
2096,Mitch Moreland,34,104,"MLB-AL,MLB-NL","Boston,Texas,San Diego",1163,4284,3842,499,968,208,8,176,588,367,34,917,33,6,36,92,11,5,0.252,0.32,0.44799999999999995,0.767
2098,Nyjer Morgan,33,2435,"MLB-NL,MLB-AL","Washington,Milwaukee,Pittsburgh,Cleveland",555,2088,1846,273,518,71,23,11,129,136,3,333,42,51,13,21,113,46,0.281,0.342,0.36200000000000004,0.7040000000000001
2099,Justin Morneau,35,1560,"MLB-NL,MLB-AL","Colorado,Minnesota,Pittsburgh,Chicago",974,4093,3641,476,1036,237,15,137,591,375,55,626,30,0,47,91,1,3,0.285,0.35200000000000004,0.47100000000000003,0.823
2105,Logan Morrison,32,153,"MLB-AL,MLB-NL","Seattle,Tampa Bay,Florida,Philadelphia,Minnesota,Miami,Milwaukee",989,3779,3331,416,792,163,21,140,426,393,25,740,37,1,17,68,23,10,0.23800000000000002,0.32299999999999995,0.425,0.7490000000000001
2108,Mike Morse,35,1321,"MLB-NL,MLB-AL","San Francisco,Seattle,Pittsburgh,Washington,Baltimore,Miami",722,2487,2278,263,617,122,7,102,318,156,7,607,38,0,15,72,2,4,0.271,0.326,0.465,0.7909999999999999
2115,Brandon Moss,33,1196,"MLB-AL,MLB-NL","Oakland,St. Louis,Boston,Pittsburgh,Kansas City,Cleveland,Philadelphia",988,3492,3108,413,735,157,16,160,472,324,23,962,36,0,24,53,11,9,0.23600000000000002,0.314,0.452,0.765
2120,Mike Moustakas,31,104,"MLB-AL,MLB-NL","Kansas City,Milwaukee,Cincinnati",1171,4700,4273,501,1073,235,6,190,588,334,25,752,49,8,36,101,19,9,0.251,0.31,0.442,0.753
2131,Daniel Murphy,35,105,MLB-NL,"Colorado,New York,Washington,Chicago",1451,5755,5308,710,1572,371,29,138,735,364,56,709,25,7,48,124,68,20,0.29600000000000004,0.341,0.455,0.7959999999999999
2133,David Murphy,33,1925,MLB-AL,"Texas,Cleveland,Los Angeles",1026,3709,3340,419,909,190,14,101,456,305,23,551,9,7,37,59,54,26,0.272,0.331,0.428,0.759
2144,Wil Myers,29,104,"MLB-NL,MLB-AL","San Diego,Tampa Bay",840,3362,2995,437,760,169,12,129,417,331,14,893,15,1,20,71,95,24,0.254,0.32899999999999996,0.447,0.7759999999999999
2147,Mike Napoli,35,1213,MLB-AL,"Boston,Texas,Los Angeles,Cleveland",1206,4742,4085,610,1010,200,10,241,668,566,29,1315,59,1,30,107,32,17,0.247,0.345,0.478,0.823
2151,Daniel Nava,34,1224,"MLB-AL,MLB-NL","Boston,Philadelphia,Tampa Bay,Kansas City,Los Angeles",577,1977,1701,224,452,103,2,29,206,196,5,387,55,7,18,33,10,3,0.266,0.35700000000000004,0.38,0.737
2153,Dioner Navarro,32,1562,"MLB-AL,MLB-NL","Tampa Bay,Los Angeles,Toronto,Chicago,Cincinnati",735,2609,2368,225,595,105,4,59,280,181,10,379,15,22,23,58,9,7,0.251,0.306,0.374,0.679
2202,Derek Norris,28,1296,"MLB-AL,MLB-NL","Oakland,San Diego,Tampa Bay",599,2195,1967,242,453,98,4,63,247,195,10,541,19,2,12,42,26,5,0.23,0.304,0.38,0.684
2209,Eduardo Nunez,33,167,"MLB-AL,MLB-NL","Minnesota,New York,San Francisco,Boston",844,3009,2814,353,776,148,19,58,309,135,6,401,16,20,24,64,142,33,0.276,0.31,0.40399999999999997,0.7140000000000001
2229,Rougned Odor,26,104,MLB-AL,Texas,857,3434,3158,429,749,146,26,146,458,193,12,799,48,11,24,40,62,47,0.237,0.289,0.439,0.728
2247,Miguel Olivo,35,2435,"MLB-AL,MLB-NL","Seattle,Kansas City,Colorado,Miami,Los Angeles",558,2095,1979,225,478,89,13,84,266,86,9,585,10,5,15,40,28,13,0.242,0.275,0.42700000000000005,0.7020000000000001
2251,Matt Olson,26,104,MLB-AL,Oakland,418,1696,1483,222,364,66,1,103,262,184,13,442,26,0,3,33,3,1,0.245,0.33799999999999997,0.5,0.838
2255,Magglio Ordonez,37,3392,MLB-AL,Detroit,453,1863,1678,215,504,83,5,47,244,167,4,220,4,0,14,70,7,1,0.3,0.36200000000000004,0.44,0.802
2261,David Ortiz,40,1560,MLB-AL,Boston,1215,5153,4424,681,1253,317,7,275,888,668,136,850,15,1,45,139,8,5,0.28300000000000003,0.376,0.545,0.92
2274,Lyle Overbay,37,2295,"MLB-NL,MLB-AL","Pittsburgh,Toronto,Arizona,New York,Atlanta,Milwaukee",869,3091,2715,328,678,173,7,80,351,342,22,635,9,2,18,82,8,3,0.25,0.33399999999999996,0.40700000000000003,0.741
2279,Chris Owings,28,143,"MLB-NL,MLB-AL","Colorado,Arizona,Kansas City,Boston",659,2346,2181,247,526,118,24,36,215,126,12,559,13,13,13,30,76,14,0.24100000000000002,0.285,0.36700000000000005,0.652
2281,Marcell Ozuna,29,104,MLB-NL,"Atlanta,Miami,St. Louis",987,4128,3764,505,1040,176,20,166,594,329,15,874,14,1,19,91,26,10,0.276,0.335,0.466,0.8009999999999999
2289,Angel Pagan,34,1560,MLB-NL,"San Francisco,New York",975,4116,3765,535,1062,204,51,55,375,294,18,577,4,19,31,51,168,44,0.282,0.332,0.40700000000000003,0.7390000000000001
2294,Joe Panik,29,104,"MLB-NL,MLB-AL","San Francisco,New York,Toronto",720,2842,2542,323,684,127,19,39,240,239,14,280,22,13,26,55,20,3,0.26899999999999996,0.33399999999999996,0.38,0.7140000000000001
2309,Gerardo Parra,32,468,"MLB-NL,MLB-AL","Arizona,Colorado,Baltimore,Washington,Milwaukee,San Francisco",1440,5184,4762,620,1312,264,42,88,522,312,49,890,38,34,38,110,96,52,0.276,0.32299999999999995,0.40399999999999997,0.727
2332,Steve Pearce,36,589,"MLB-NL,MLB-AL","Pittsburgh,New York,Baltimore,Houston,Tampa Bay,Toronto,Boston",732,2482,2188,277,552,126,7,91,297,235,8,497,36,3,19,51,11,4,0.252,0.332,0.441,0.773
2334,Joc Pederson,28,104,MLB-NL,Los Angeles,742,2518,2154,345,496,112,7,130,303,304,16,610,44,5,10,33,17,13,0.23,0.336,0.47,0.8059999999999999
2335,Dustin Pedroia,35,633,MLB-AL,Boston,1342,6098,5422,831,1623,351,14,130,668,570,24,605,30,19,57,145,131,36,0.299,0.366,0.441,0.807
2341,Brayan Pena,34,1566,"MLB-AL,MLB-NL","Kansas City,St. Louis,Cincinnati,Atlanta,Detroit",570,1834,1694,123,443,89,2,21,152,102,5,199,7,11,20,51,6,6,0.262,0.303,0.354,0.6559999999999999
2342,Carlos Pena,36,2373,"MLB-AL,MLB-NL","Tampa Bay,Chicago,Houston,Kansas City,Texas",824,3356,2774,417,598,127,10,154,454,505,36,933,49,2,26,35,15,10,0.21600000000000003,0.34299999999999997,0.435,0.779
2349,Hunter Pence,37,141,"MLB-NL,MLB-AL","Houston,San Francisco,Philadelphia,Texas",1597,6522,5964,834,1644,294,46,227,873,494,19,1240,25,1,38,141,109,41,0.276,0.332,0.455,0.7859999999999999
2351,Cliff Pennington,34,990,"MLB-AL,MLB-NL","Oakland,Arizona,Cincinnati,Toronto,Los Angeles",952,3142,2799,324,678,120,21,36,242,266,8,619,15,42,20,40,84,24,0.242,0.309,0.33899999999999997,0.648
2353,David Peralta,32,105,MLB-NL,Arizona,719,2880,2632,348,765,142,36,90,364,207,11,559,23,1,17,53,30,9,0.29100000000000004,0.34600000000000003,0.475,0.82
2355,Jhonny Peralta,35,1313,"MLB-AL,MLB-NL","Cleveland,St. Louis,Detroit",1268,5172,4685,562,1252,275,15,140,632,408,19,953,26,6,47,152,12,9,0.267,0.326,0.42200000000000004,0.748
2359,Jose Peraza,26,123,"MLB-NL,MLB-AL","Cincinnati,Boston,Los Angeles",548,2006,1870,213,505,75,14,29,162,80,6,257,32,12,12,34,78,30,0.27,0.309,0.37200000000000005,0.6809999999999999
2368,Hernan Perez,29,136,"MLB-NL,MLB-AL","Chicago,Detroit,Milwaukee",615,1825,1726,191,435,74,11,45,180,74,3,387,1,12,12,37,69,13,0.252,0.281,0.386,0.667
2377,Salvador Perez,30,104,MLB-AL,Kansas City,972,3893,3687,403,992,189,10,152,535,134,17,635,40,0,31,131,5,1,0.26899999999999996,0.3,0.449,0.7490000000000001
2388,Jace Peterson,30,104,"MLB-NL,MLB-AL","Atlanta,New York,Baltimore,Milwaukee,San Diego",529,1693,1472,159,334,65,11,22,142,189,10,357,10,13,9,28,40,19,0.22699999999999998,0.317,0.331,0.648
2399,Tommy Pham,32,104,"MLB-NL,MLB-AL","St. Louis,Tampa Bay,San Diego",565,2236,1927,341,527,89,15,82,251,273,8,520,25,3,8,64,75,17,0.273,0.369,0.46299999999999997,0.8320000000000001
2405,Brandon Phillips,37,832,"MLB-NL,MLB-AL","Atlanta,Cincinnati,Los Angeles,Boston",1459,6241,5760,790,1605,291,26,158,744,333,27,803,70,27,50,166,148,59,0.27899999999999997,0.32299999999999995,0.42,0.7440000000000001
2411,Juan Pierre,35,2659,"MLB-NL,MLB-AL","Los Angeles,Miami,Philadelphia,Chicago",820,3045,2747,372,777,82,25,6,189,173,4,193,46,71,8,33,225,69,0.28300000000000003,0.335,0.337,0.672
2412,A.J. Pierzynski,39,1582,"MLB-NL,MLB-AL","Atlanta,Chicago,St. Louis,Boston,Texas",1088,4214,3950,398,1093,204,10,103,469,159,31,469,52,16,37,135,7,7,0.27699999999999997,0.311,0.41200000000000003,0.722
2415,Kevin Pillar,31,105,"MLB-NL,MLB-AL","Colorado,Toronto,Boston,San Francisco",884,3486,3270,419,858,205,13,82,344,142,6,555,37,12,25,64,88,28,0.262,0.299,0.408,0.7070000000000001
2427,Stephen Piscotty,29,104,"MLB-NL,MLB-AL","St. Louis,Oakland",610,2475,2218,296,581,130,9,83,324,203,4,527,34,3,16,70,20,10,0.262,0.331,0.441,0.772
2431,Trevor Plouffe,32,898,"MLB-AL,MLB-NL","Minnesota,Oakland,Tampa Bay,Philadelphia",821,3234,2933,364,710,155,10,106,379,246,5,676,25,7,23,89,12,11,0.242,0.304,0.41,0.7140000000000001
2434,Gregory Polanco,28,105,MLB-NL,Pittsburgh,709,2838,2547,361,626,144,17,85,326,251,23,590,8,4,21,40,84,26,0.24600000000000002,0.313,0.41600000000000004,0.7290000000000001
2435,Jorge Polanco,26,104,MLB-AL,Minnesota,495,2097,1891,254,526,112,18,49,245,160,3,340,12,16,18,33,33,18,0.278,0.335,0.434,0.77
2436,Placido Polanco,37,2660,"MLB-AL,MLB-NL","Detroit,Miami,Philadelphia",749,3174,2901,355,825,134,9,32,274,186,7,236,36,20,30,80,24,0,0.284,0.332,0.37,0.7020000000000001
2437,AJ Pollock,32,104,MLB-NL,"Arizona,Los Angeles",772,3059,2781,446,776,168,30,105,345,220,7,526,27,6,25,58,110,23,0.27899999999999997,0.335,0.474,0.809
2445,Buster Posey,32,468,MLB-NL,San Francisco,1255,5153,4575,595,1380,270,9,140,673,484,62,634,42,1,51,148,23,4,0.302,0.37,0.456,0.826
2448,Martin Prado,35,468,"MLB-NL,MLB-AL","Arizona,Atlanta,New York,Miami",1404,5750,5272,656,1514,312,26,99,598,377,16,663,28,22,51,169,40,16,0.287,0.335,0.413,0.748
2454,Jurickson Profar,27,104,"MLB-AL,MLB-NL","Texas,Oakland,San Diego",543,2032,1796,250,428,86,11,59,222,182,3,333,33,11,10,31,31,8,0.23800000000000002,0.318,0.397,0.715
2457,Yasiel Puig,28,470,"MLB-NL,MLB-AL","Cincinnati,Los Angeles,Cleveland",858,3374,3013,441,834,159,21,132,415,297,21,679,43,2,19,73,79,35,0.27699999999999997,0.348,0.475,0.823
2458,Albert Pujols,40,105,"MLB-AL,MLB-NL","Los Angeles,St. Louis",1771,7655,6787,997,1893,371,3,381,1239,739,192,852,53,0,76,258,76,15,0.27899999999999997,0.35100000000000003,0.503,0.8540000000000001
2459,Nick Punto,36,2296,"MLB-AL,MLB-NL","Oakland,Minnesota,Boston,St. Louis,Los Angeles",626,2022,1735,219,426,82,12,10,151,229,7,364,2,39,17,37,50,15,0.24600000000000002,0.331,0.324,0.655
2464,Carlos Quentin,31,2359,"MLB-AL,MLB-NL","Chicago,San Diego",695,2793,2395,364,611,144,3,140,428,265,7,428,108,0,25,68,13,7,0.255,0.35200000000000004,0.493,0.845
2475,Ryan Raburn,36,1267,"MLB-AL,MLB-NL","Detroit,Cleveland,Colorado,Washington",847,2556,2306,308,580,134,11,89,330,200,9,636,26,8,16,51,12,10,0.252,0.316,0.435,0.7509999999999999
2478,Alexei Ramírez,34,1560,"MLB-AL,MLB-NL","Chicago,Tampa Bay,San Diego",1365,5505,5134,601,1387,249,17,115,590,263,18,650,30,36,42,139,143,58,0.27,0.307,0.392,0.7
2479,Aramis Ramirez,37,1925,MLB-NL,"Chicago,Pittsburgh,Milwaukee",1015,4148,3733,509,1057,236,9,164,647,311,26,576,70,0,34,106,18,5,0.28300000000000003,0.34700000000000003,0.483,0.83
2482,Hanley Ramirez,35,633,"MLB-NL,MLB-AL","Florida,Boston,Cleveland,Los Angeles,Miami",1351,5719,5075,805,1437,281,15,225,777,552,62,1009,60,2,30,120,179,61,0.28300000000000003,0.358,0.47700000000000004,0.836
2485,Jose Ramirez,27,104,MLB-AL,Cleveland,816,3392,2993,496,840,213,23,127,437,332,24,404,22,19,26,43,127,30,0.281,0.354,0.494,0.848
2497,Wilson Ramos,32,104,"MLB-AL,MLB-NL","Tampa Bay,Washington,Philadelphia,New York,Minnesota",942,3623,3341,347,915,146,2,128,514,236,26,602,11,4,28,136,1,1,0.27399999999999997,0.321,0.434,0.755
2500,Colby Rasmus,31,923,"MLB-AL,MLB-NL","Tampa Bay,Toronto,Baltimore,St. Louis,Houston",1076,4119,3704,536,891,183,21,166,491,362,23,1106,18,13,22,44,35,16,0.24100000000000002,0.31,0.436,0.745
2510,J.T. Realmuto,29,104,MLB-NL,"Philadelphia,Miami",732,2940,2699,380,749,156,19,95,358,179,9,559,36,1,22,62,44,14,0.278,0.32799999999999996,0.455,0.7829999999999999
2512,Josh Reddick,33,104,"MLB-AL,MLB-NL","Oakland,Boston,Houston,Los Angeles",1238,4721,4257,582,1118,208,33,144,554,387,21,760,7,6,45,71,61,17,0.263,0.322,0.428,0.75
2530,Anthony Rendon,30,106,"MLB-NL,MLB-AL","Washington,Los Angeles",966,4159,3613,600,1048,256,16,145,577,447,28,641,50,4,45,65,45,14,0.29,0.37200000000000005,0.49,0.862
2533,Edgar Renteria,34,3391,"MLB-NL,MLB-AL","San Francisco,Cincinnati,Detroit",426,1657,1505,179,393,66,5,23,161,121,9,241,2,15,14,51,20,5,0.261,0.314,0.35700000000000004,0.672
2536,Ben Revere,29,1196,"MLB-NL,MLB-AL","Philadelphia,Washington,Minnesota,Toronto,Los Angeles",845,3343,3138,400,892,88,37,7,198,151,3,308,14,28,12,61,211,49,0.284,0.319,0.34299999999999997,0.6609999999999999
2544,Jose Reyes,35,832,"MLB-AL,MLB-NL","Toronto,New York,Colorado,Miami",1279,5518,5034,760,1423,269,79,100,477,414,37,610,7,33,30,61,283,64,0.28300000000000003,0.336,0.42700000000000005,0.763
2550,Mark Reynolds,35,540,"MLB-NL,MLB-AL","Arizona,St. Louis,Colorado,Baltimore,Cleveland,New York,Washington,Milwaukee",1566,5829,5066,732,1181,233,10,281,809,670,22,1798,51,2,40,112,64,29,0.233,0.326,0.449,0.7759999999999999
2570,Alex Rios,34,1924,MLB-AL,"Toronto,Chicago,Texas,Kansas City",1138,4741,4420,577,1203,251,37,117,540,251,19,740,29,1,39,146,192,51,0.272,0.313,0.425,0.738
2576,Juan Rivera,33,3020,"MLB-NL,MLB-AL","Los Angeles,Toronto",586,2167,1979,232,516,94,2,72,306,146,7,259,12,0,30,70,9,4,0.261,0.311,0.419,0.73
2584,Anthony Rizzo,30,105,MLB-NL,"Chicago,San Diego",1261,5416,4617,689,1249,268,18,229,753,609,66,858,155,0,35,104,60,27,0.271,0.37200000000000005,0.485,0.857
2588,Brian Roberts,36,2357,MLB-AL,"Baltimore,New York",598,2579,2285,338,613,156,15,45,235,253,9,386,7,10,24,34,99,24,0.268,0.34,0.409,0.7490000000000001
2590,Ryan Roberts,33,2459,"MLB-NL,MLB-AL","Arizona,Tampa Bay,Boston,Texas",496,1661,1473,202,363,71,4,45,168,163,5,308,6,9,10,26,35,18,0.24600000000000002,0.322,0.392,0.7140000000000001
2606,Alex Rodriguez,40,1611,MLB-AL,New York,880,3726,3217,520,866,154,5,178,583,423,27,763,49,0,37,88,64,9,0.26899999999999996,0.359,0.486,0.845
2625,Sean Rodriguez,35,112,"MLB-NL,MLB-AL","Atlanta,Tampa Bay,Philadelphia,Pittsburgh,Miami,Los Angeles",1047,2914,2573,344,580,124,14,81,298,225,8,776,62,37,17,57,42,19,0.225,0.301,0.379,0.68
2638,Miguel Rojas,31,105,MLB-NL,"Miami,Los Angeles",630,2036,1854,209,492,90,5,24,185,131,15,252,23,13,15,64,24,10,0.265,0.319,0.358,0.677
2639,Scott Rolen,37,3020,"MLB-AL,MLB-NL","Toronto,Cincinnati",528,2138,1900,257,519,137,11,55,275,181,6,313,32,0,25,37,14,7,0.273,0.342,0.444,0.7859999999999999
2640,Jimmy Rollins,37,1676,"MLB-NL,MLB-AL","Philadelphia,Chicago,Los Angeles",1157,5078,4581,652,1148,242,34,117,451,445,25,624,13,14,25,72,222,38,0.251,0.317,0.395,0.7120000000000001
2656,Adam Rosales,35,832,"MLB-AL,MLB-NL","Oakland,Arizona,Cincinnati,Texas,Cleveland,San Diego",619,1807,1621,186,367,69,6,48,179,135,5,451,20,13,17,32,17,9,0.226,0.29100000000000004,0.365,0.6559999999999999
2660,Eddie Rosario,28,104,MLB-AL,Minnesota,688,2830,2661,400,738,134,22,119,388,133,15,539,2,10,24,36,39,16,0.27699999999999997,0.31,0.478,0.7879999999999999
2666,Cody Ross,34,2080,"MLB-NL,MLB-AL","Arizona,Florida,San Francisco,Boston,Oakland",878,3263,2967,378,777,178,11,106,417,238,15,684,32,2,24,66,30,11,0.262,0.321,0.436,0.758
2672,Aaron Rowand,33,3420,MLB-NL,San Francisco,505,1865,1710,194,432,101,6,43,189,100,13,409,45,1,9,50,13,10,0.253,0.31,0.39399999999999996,0.7040000000000001
2679,Carlos Ruiz,38,1197,"MLB-NL,MLB-AL","Philadelphia,Seattle,Los Angeles",969,3562,3096,358,820,193,4,62,351,356,50,442,72,20,18,86,19,7,0.265,0.35200000000000004,0.39,0.742
2688,Addison Russell,25,468,MLB-NL,Chicago,609,2212,1987,256,480,100,9,60,253,186,17,532,24,3,12,38,17,4,0.242,0.312,0.392,0.7040000000000001
2693,Brendan Ryan,34,1673,"MLB-AL,MLB-NL","Seattle,New York,St. Louis,Los Angeles",791,2687,2411,274,552,107,18,15,191,183,9,471,31,42,20,44,60,25,0.22899999999999998,0.29,0.307,0.597
2713,Jarrod Saltalamacchia,33,833,"MLB-AL,MLB-NL","Boston,Texas,Miami,Arizona,Toronto,Detroit",786,2861,2543,338,580,148,5,99,348,285,11,908,9,4,20,40,5,5,0.228,0.306,0.40700000000000003,0.713
2729,Freddy Sanchez,33,3501,MLB-NL,"San Francisco,Pittsburgh",428,1839,1698,208,484,93,7,26,164,88,9,243,12,25,16,36,8,2,0.285,0.322,0.39399999999999996,0.716
2731,Gaby Sanchez,30,2295,MLB-NL,"Pittsburgh,Florida,Miami",675,2271,1998,236,508,126,4,61,266,225,9,368,18,5,24,55,12,1,0.254,0.332,0.413,0.7440000000000001
2732,Gary Sanchez,27,104,MLB-AL,New York,421,1754,1549,245,366,65,1,115,286,168,6,461,28,0,9,33,4,2,0.23600000000000002,0.32,0.502,0.823
2737,Yolmer Sanchez,28,107,MLB-AL,Chicago,655,2459,2239,252,548,113,24,32,215,160,3,519,23,24,13,38,30,17,0.245,0.3,0.36,0.66
2739,Pablo Sandoval,33,104,"MLB-NL,MLB-AL","Atlanta,San Francisco,Boston",1307,4966,4536,537,1266,262,21,149,628,346,55,732,29,4,51,147,12,10,0.27899999999999997,0.331,0.445,0.775
2742,Miguel Sano,27,104,MLB-AL,Minnesota,539,2256,1972,317,475,99,6,131,340,265,8,834,10,0,9,39,2,1,0.24100000000000002,0.332,0.496,0.8290000000000001
2743,Carlos Santana,34,104,"MLB-AL,MLB-NL","Cleveland,Philadelphia",1495,6402,5333,799,1325,301,16,240,796,991,57,1056,29,0,49,138,46,15,0.248,0.366,0.446,0.812
2744,Danny Santana,29,136,"MLB-AL,MLB-NL","Minnesota,Atlanta,Texas",501,1739,1624,239,422,87,22,42,188,80,4,448,15,11,8,23,71,20,0.26,0.299,0.418,0.7170000000000001
2746,Domingo Santana,27,133,"MLB-AL,MLB-NL","Seattle,Houston,Milwaukee,Cleveland",513,1919,1680,233,428,87,2,77,244,209,4,612,17,0,11,37,30,12,0.255,0.341,0.446,0.7879999999999999
2751,Ramon Santiago,34,2296,"MLB-AL,MLB-NL","Detroit,Cincinnati",566,1820,1576,192,393,55,10,24,153,151,2,277,29,52,12,25,7,5,0.249,0.324,0.34299999999999997,0.667
2760,Michael Saunders,30,1196,"MLB-AL,MLB-NL","Seattle,Philadelphia,Toronto",755,2746,2454,324,570,123,19,81,263,255,10,710,8,13,16,34,55,20,0.23199999999999998,0.305,0.397,0.7020000000000001
2769,Nate Schierholtz,30,2295,MLB-NL,"San Francisco,Chicago,Washington,Philadelphia",727,2158,1978,229,495,113,19,52,218,132,16,389,22,3,23,27,27,19,0.25,0.301,0.405,0.7070000000000001
2778,Jonathan Schoop,28,119,"MLB-AL,MLB-NL","Detroit,Baltimore,Minnesota,Milwaukee",841,3281,3079,409,796,157,5,141,415,126,3,752,49,7,19,91,8,4,0.259,0.297,0.45,0.747
2783,Skip Schumaker,35,1924,MLB-NL,"St. Louis,Cincinnati,Los Angeles",983,3310,2998,386,830,155,11,25,262,266,13,448,14,17,14,67,22,11,0.27699999999999997,0.337,0.361,0.698
2784,Kyle Schwarber,27,104,MLB-NL,Chicago,550,2108,1806,295,416,71,8,121,279,274,28,591,18,1,9,25,11,9,0.23,0.336,0.48,0.816
2788,Luke Scott,35,2661,MLB-AL,"Baltimore,Tampa Bay",657,2430,2147,284,544,130,7,107,331,242,24,501,20,0,21,36,11,3,0.253,0.332,0.47,0.802
2791,Marco Scutaro,38,2361,"MLB-AL,MLB-NL","Boston,San Francisco,Toronto,Colorado",832,3655,3237,472,928,177,10,46,335,324,2,333,19,42,33,71,41,14,0.287,0.35200000000000004,0.39,0.742
2792,Corey Seager,26,104,MLB-NL,Los Angeles,540,2301,2066,340,610,142,9,88,307,207,15,435,16,0,12,46,11,4,0.295,0.36200000000000004,0.5,0.863
2793,Kyle Seager,32,104,MLB-AL,Seattle,1321,5534,4958,632,1267,280,13,207,706,474,33,959,59,5,38,100,52,21,0.256,0.326,0.44299999999999995,0.768
2795,Jean Segura,30,104,"MLB-AL,MLB-NL","Los Angeles,Arizona,Seattle,Philadelphia,Milwaukee",1098,4657,4327,591,1232,196,42,83,401,237,20,641,47,26,19,99,183,58,0.285,0.327,0.40700000000000003,0.7340000000000001
2798,Marcus Semien,29,104,MLB-AL,"Oakland,Chicago",858,3620,3266,467,830,170,22,115,380,326,5,731,7,7,14,64,66,18,0.254,0.322,0.425,0.747
2809,Travis Shaw,30,104,"MLB-AL,MLB-NL","Boston,Milwaukee,Toronto",638,2420,2134,290,519,116,3,105,327,251,20,574,17,2,16,47,20,3,0.243,0.325,0.44799999999999995,0.773
2830,Andrelton Simmons,30,110,"MLB-NL,MLB-AL","Atlanta,Los Angeles",1058,4280,3954,456,1064,188,23,67,406,265,15,386,23,10,28,144,67,19,0.26899999999999996,0.317,0.379,0.696
2837,Grady Sizemore,32,1925,"MLB-AL,MLB-NL","Cleveland,Philadelphia,Tampa Bay,Boston",574,2360,2086,282,515,122,18,72,259,238,16,478,25,2,9,27,64,19,0.247,0.33,0.426,0.7559999999999999
2856,Mallex Smith,27,147,"MLB-AL,MLB-NL","Tampa Bay,Seattle,Atlanta",440,1654,1480,198,378,63,27,13,114,134,0,362,21,14,5,24,120,33,0.255,0.325,0.361,0.6859999999999999
2858,Seth Smith,34,1197,"MLB-AL,MLB-NL","Oakland,Seattle,Colorado,Baltimore,San Diego",1224,4076,3574,521,929,224,30,126,458,431,33,796,38,2,30,75,22,4,0.26,0.34299999999999997,0.445,0.7879999999999999
2863,Justin Smoak,33,114,"MLB-AL,MLB-NL","Seattle,Toronto,San Francisco,Milwaukee,Texas",1218,4750,4153,505,951,196,2,196,570,552,20,1122,25,0,20,110,3,2,0.22899999999999998,0.322,0.419,0.74
2872,Travis Snider,27,1924,"MLB-NL,MLB-AL","Pittsburgh,Toronto,Baltimore",621,1971,1783,214,435,100,7,54,212,167,11,492,9,4,8,29,22,9,0.244,0.311,0.39899999999999997,0.7090000000000001
2878,Eric Sogard,34,104,"MLB-AL,MLB-NL","Oakland,Toronto,Tampa Bay,Milwaukee",712,2314,2068,251,509,98,10,25,175,198,8,313,17,19,12,37,43,14,0.24600000000000002,0.315,0.33899999999999997,0.655
2882,Yangervis Solarte,31,614,"MLB-NL,MLB-AL","San Diego,New York,Toronto,San Francisco",669,2645,2407,282,620,124,6,75,307,189,8,326,23,7,19,78,6,3,0.258,0.315,0.408,0.723
2883,Jorge Soler,28,107,"MLB-NL,MLB-AL","Chicago,Kansas City",510,1985,1740,233,439,99,3,94,273,201,9,554,24,0,15,47,10,2,0.252,0.335,0.475,0.81
2888,Alfonso Soriano,38,2380,"MLB-NL,MLB-AL","Chicago,New York",878,3560,3269,431,831,199,8,171,529,241,33,837,27,1,22,75,60,18,0.254,0.309,0.47700000000000004,0.7859999999999999
2894,Geovany Soto,34,1343,"MLB-NL,MLB-AL","Chicago,Oakland,Texas,Los Angeles",746,2789,2442,295,593,139,4,105,351,306,17,654,16,7,18,72,3,5,0.243,0.32899999999999996,0.43200000000000005,0.7609999999999999
2898,Steven Souza Jr.,31,126,"MLB-AL,MLB-NL","Tampa Bay,Chicago,Washington,Arizona",477,1840,1617,221,375,70,7,71,203,196,2,579,20,3,4,26,42,15,0.23199999999999998,0.322,0.41600000000000004,0.737
2900,Denard Span,34,832,"MLB-NL,MLB-AL","San Francisco,Minnesota,Seattle,Washington,Tampa Bay",1354,5956,5326,773,1498,265,72,71,490,515,9,716,36,52,27,86,185,58,0.281,0.34700000000000003,0.39799999999999996,0.745
2906,George Springer,30,104,MLB-AL,Houston,795,3567,3087,567,832,137,13,174,458,396,8,785,55,2,19,58,48,26,0.27,0.361,0.491,0.852
2916,Giancarlo Stanton,30,105,"MLB-AL,MLB-NL","New York,Florida,Miami",1185,4991,4329,698,1160,246,11,312,796,584,80,1402,46,0,30,95,42,14,0.268,0.359,0.546,0.905
2933,Ian Stewart,29,2435,"MLB-NL,MLB-AL","Colorado,Chicago,Los Angeles",466,1646,1446,199,332,64,13,60,202,169,21,456,20,0,11,25,17,10,0.23,0.317,0.41600000000000004,0.733
2940,Trevor Story,27,104,MLB-NL,Colorado,603,2541,2296,375,636,146,22,134,375,213,10,726,21,2,9,37,80,23,0.27699999999999997,0.34299999999999997,0.535,0.877
2943,Dee Strange-Gordon,32,105,"MLB-NL,MLB-AL","Los Angeles,Seattle,Miami",1001,4104,3848,532,1100,124,54,18,234,168,6,610,32,29,26,45,333,98,0.28600000000000003,0.319,0.36,0.679
2953,Drew Stubbs,32,1345,"MLB-NL,MLB-AL","Colorado,San Francisco,Cincinnati,Texas,Cleveland,Atlanta,Baltimore",868,3167,2834,444,687,106,20,92,283,277,6,972,19,22,15,20,161,32,0.242,0.313,0.391,0.7040000000000001
2959,Eugenio Suarez,28,104,"MLB-NL,MLB-AL","Cincinnati,Detroit",850,3433,3015,435,787,130,11,162,468,338,14,861,47,9,24,73,28,13,0.261,0.342,0.473,0.815
2972,Ichiro Suzuki,45,660,"MLB-AL,MLB-NL","Seattle,New York,Miami",1509,5554,5160,638,1497,185,39,50,353,318,66,619,20,31,25,58,237,43,0.29,0.332,0.37,0.7020000000000001
2973,Kurt Suzuki,36,105,"MLB-AL,MLB-NL","Oakland,Minnesota,Atlanta,Washington",1428,5509,4992,540,1294,270,6,126,660,336,22,639,103,21,57,134,20,8,0.259,0.316,0.391,0.7070000000000001
2974,Dansby Swanson,26,104,MLB-NL,Atlanta,503,2038,1815,256,452,96,10,50,227,189,32,471,11,8,15,21,31,10,0.249,0.321,0.396,0.7170000000000001
2981,Ryan Sweeney,29,2328,"MLB-NL,MLB-AL","Chicago,Oakland,Boston",623,2254,2038,259,567,121,14,22,214,179,11,330,8,11,18,52,18,7,0.278,0.336,0.384,0.72
2984,Nick Swisher,34,1926,"MLB-NL,MLB-AL","Atlanta,Chicago,New York,Cleveland",1064,4384,3752,538,932,211,7,165,548,557,20,968,29,10,36,94,9,7,0.248,0.34700000000000003,0.44,0.787
2987,Jose Tabata,26,2025,MLB-NL,Pittsburgh,503,1765,1592,208,438,81,15,17,126,129,1,254,20,18,6,43,47,26,0.275,0.336,0.377,0.713
3011,Chris Taylor,29,104,"MLB-AL,MLB-NL","Seattle,Los Angeles",586,2118,1892,285,498,121,22,59,236,189,4,575,20,6,11,22,45,14,0.263,0.335,0.444,0.779
3014,Michael A. Taylor,29,104,MLB-NL,Washington,563,1804,1664,204,395,87,8,53,184,123,14,566,6,6,5,22,77,21,0.237,0.29100000000000004,0.395,0.6859999999999999
3019,Mark Teahen,29,3391,MLB-AL,"Kansas City,Toronto,Chicago",448,1633,1489,180,380,82,7,35,148,124,9,360,9,5,6,28,15,10,0.255,0.315,0.39,0.705
3021,Mark Teixeira,36,1560,"MLB-AL,MLB-NL","New York,Atlanta,Los Angeles",1110,4783,4096,635,1050,226,5,239,743,573,44,840,65,0,49,96,15,0,0.256,0.353,0.489,0.8420000000000001
3022,Miguel Tejada,39,2709,"MLB-AL,MLB-NL","Baltimore,Houston,Kansas City,San Diego,San Francisco",614,2531,2381,289,671,131,4,49,269,91,15,247,32,7,19,93,19,7,0.282,0.315,0.402,0.7170000000000001
3023,Ruben Tejada,29,508,"MLB-NL,MLB-AL","New York,St. Louis,San Francisco,Baltimore",641,2396,2119,225,530,110,1,10,158,202,22,359,36,24,15,41,16,11,0.25,0.324,0.317,0.6409999999999999
3033,Eric Thames,33,107,"MLB-AL,MLB-NL","Seattle,Toronto,Milwaukee,Washington",601,2111,1867,285,451,100,17,96,235,207,14,616,28,2,7,25,18,5,0.242,0.325,0.46799999999999997,0.7929999999999999
3037,Ryan Theriot,32,3020,MLB-NL,"Chicago,San Francisco,Los Angeles,St. Louis",680,2845,2562,329,722,96,13,11,196,218,6,313,18,34,13,72,80,34,0.282,0.341,0.342,0.6829999999999999
3047,Jim Thome,41,3020,"MLB-AL,MLB-NL","Chicago,Cleveland,Baltimore,Philadelphia,Minnesota,Los Angeles",532,1886,1581,245,403,82,2,105,301,288,23,505,7,0,10,45,1,0,0.255,0.37,0.509,0.879
3075,Yorvit Torrealba,34,2663,"MLB-AL,MLB-NL","Toronto,Milwaukee,Texas,Colorado,San Diego",458,1700,1544,146,403,85,2,26,166,116,9,283,12,16,12,45,9,12,0.261,0.315,0.369,0.684
3078,Andres Torres,35,2698,MLB-NL,"San Francisco,New York",534,1872,1653,244,408,107,25,31,161,188,5,419,10,13,6,29,68,22,0.247,0.326,0.39799999999999996,0.7240000000000001
3104,Mike Trout,28,106,MLB-AL,Los Angeles,1252,5514,4539,944,1380,260,48,302,798,838,104,1174,84,0,52,58,201,32,0.304,0.418,0.5820000000000001,1.0
3105,Mark Trumbo,33,468,"MLB-AL,MLB-NL","Los Angeles,Baltimore,Arizona,Seattle",1094,4419,4085,532,1018,182,11,218,629,299,20,1097,16,0,19,106,23,14,0.249,0.302,0.45899999999999996,0.7609999999999999
3114,Troy Tulowitzki,34,647,"MLB-NL,MLB-AL","Colorado,Toronto,New York",1111,4627,4101,643,1192,229,19,200,675,444,42,745,37,4,41,131,48,22,0.29100000000000004,0.36200000000000004,0.502,0.8640000000000001
3119,Justin Turner,35,104,"MLB-AL,MLB-NL","Baltimore,Los Angeles,New York",1106,4002,3521,504,1029,234,9,124,495,351,15,583,93,5,32,92,35,9,0.292,0.369,0.469,0.838
3122,Trea Turner,27,104,MLB-NL,Washington,539,2382,2176,378,644,118,29,75,257,182,5,431,15,2,7,27,171,32,0.29600000000000004,0.353,0.48,0.8340000000000001
3125,Dan Uggla,35,1925,MLB-NL,"Florida,Atlanta,San Francisco,Washington",1027,4099,3517,541,822,163,8,177,528,510,21,1052,48,1,23,59,18,10,0.23399999999999999,0.337,0.436,0.772
3127,Justin Upton,32,104,"MLB-NL,MLB-AL","San Diego,Arizona,Atlanta,Detroit,Los Angeles",1694,7078,6215,992,1650,329,35,305,948,729,45,1804,73,3,56,127,145,52,0.265,0.34700000000000003,0.47700000000000004,0.8240000000000001
3128,Melvin Upton Jr.,31,1560,"MLB-AL,MLB-NL","Tampa Bay,San Diego,Atlanta,Toronto",1229,4943,4366,598,1034,224,29,135,482,496,19,1320,18,20,39,82,263,78,0.237,0.315,0.39399999999999996,0.7090000000000001
3134,Juan Uribe,37,1624,"MLB-NL,MLB-AL","Atlanta,Chicago,San Francisco,Los Angeles,New York,Cleveland",938,3319,3046,330,778,164,9,95,397,216,19,621,22,12,23,95,14,5,0.255,0.307,0.409,0.716
3138,Chase Utley,39,832,MLB-NL,"Philadelphia,Los Angeles",1355,5444,4725,726,1245,263,40,162,637,516,54,801,148,4,51,58,108,10,0.263,0.35100000000000003,0.439,0.79
3141,Luis Valbuena,32,890,"MLB-NL,MLB-AL","Chicago,Cleveland,Seattle,Houston,Los Angeles",1002,3571,3148,377,710,169,9,114,367,374,17,788,19,9,21,57,11,10,0.226,0.31,0.39399999999999996,0.703
3148,Danny Valencia,33,885,MLB-AL,"Kansas City,Seattle,Toronto,Baltimore,Boston,Oakland,Minnesota",859,3222,2963,360,795,154,12,96,397,217,8,651,8,1,33,93,11,14,0.268,0.317,0.426,0.742
3168,Christian Vazquez,29,105,MLB-AL,Boston,464,1709,1577,191,409,81,4,40,175,108,6,321,9,7,8,49,19,7,0.259,0.309,0.392,0.701
3180,Will Venable,33,1648,"MLB-NL,MLB-AL","San Diego,Los Angeles,Texas",935,3146,2836,378,707,118,39,81,307,254,26,748,26,15,15,34,135,28,0.249,0.315,0.40399999999999997,0.7190000000000001
3189,Dayán Viciedo,25,2295,MLB-AL,Chicago,481,1798,1675,200,425,73,7,66,211,95,3,388,16,0,12,57,2,1,0.254,0.298,0.424,0.722
3190,Shane Victorino,34,1924,"MLB-NL,MLB-AL","Philadelphia,Boston,Los Angeles",949,4090,3669,570,1011,187,59,88,385,313,11,490,56,38,14,40,183,35,0.276,0.341,0.431,0.7709999999999999
3196,Jonathan Villar,29,104,"MLB-AL,MLB-NL","Houston,Miami,Baltimore,Milwaukee,Toronto",826,3209,2874,394,744,137,15,80,283,283,8,854,13,23,15,46,218,56,0.259,0.327,0.4,0.727
3209,Stephen Vogt,35,106,"MLB-AL,MLB-NL","Oakland,Arizona,Milwaukee,Tampa Bay,San Francisco",641,2170,1971,217,492,111,11,68,266,167,14,389,8,3,21,23,4,4,0.25,0.308,0.42100000000000004,0.728
3214,Joey Votto,36,104,MLB-NL,Cincinnati,1745,7506,6190,1030,1881,405,20,291,949,1212,140,1339,60,0,44,151,78,25,0.304,0.42,0.517,0.937
3231,Neil Walker,34,123,"MLB-AL,MLB-NL","New York,Pittsburgh,Philadelphia,Milwaukee,Miami",1302,5152,4583,611,1224,238,22,149,609,460,27,931,55,10,44,97,32,17,0.267,0.33799999999999997,0.426,0.764
3266,Rickie Weeks,34,1313,"MLB-NL,MLB-AL","Arizona,Tampa Bay,Milwaukee,Seattle",1008,3765,3277,516,803,169,22,124,362,384,5,920,89,2,13,57,73,20,0.245,0.33899999999999997,0.424,0.763
3272,Vernon Wells,34,2659,MLB-AL,"Los Angeles,Toronto,New York",755,3045,2819,367,718,143,11,113,377,193,13,410,9,0,24,74,46,17,0.255,0.302,0.433,0.736
3275,Jayson Werth,38,1196,MLB-NL,"Philadelphia,Washington",1252,5237,4508,727,1212,250,13,196,644,633,29,1145,52,0,44,84,108,13,0.26899999999999996,0.36200000000000004,0.461,0.823
3293,Matt Wieters,34,106,"MLB-AL,MLB-NL","Baltimore,St. Louis,Washington",1164,4428,3994,440,996,190,5,146,550,368,29,847,21,4,41,102,9,1,0.249,0.313,0.409,0.722
3294,Ty Wigginton,35,2745,"MLB-AL,MLB-NL","Baltimore,Houston,St. Louis,Philadelphia,Colorado",677,2383,2150,258,546,104,4,82,268,185,12,426,26,2,20,64,14,10,0.254,0.318,0.42,0.738
3311,Josh Willingham,35,2295,"MLB-AL,MLB-NL","Minnesota,Kansas City,Oakland,Florida,Washington",833,3382,2841,422,699,155,9,147,464,427,19,792,83,1,29,61,25,7,0.24600000000000002,0.358,0.462,0.82
3336,Kolten Wong,29,104,MLB-NL,St. Louis,845,3044,2697,351,703,124,25,53,281,233,27,463,71,20,23,40,88,23,0.261,0.33299999999999996,0.384,0.7170000000000001
3353,David Wright,35,833,MLB-NL,New York,1042,4560,3974,600,1147,249,18,145,605,516,52,911,24,0,44,100,119,40,0.289,0.37,0.47,0.84
3368,Christian Yelich,28,104,MLB-NL,"Milwaukee,Miami",976,4289,3740,626,1108,216,25,151,522,494,34,907,32,3,19,85,128,26,0.29600000000000004,0.381,0.489,0.87
3371,Kevin Youkilis,34,2767,MLB-AL,"Boston,New York,Chicago",650,2788,2365,419,666,159,14,113,419,324,22,539,74,0,25,52,17,1,0.282,0.382,0.504,0.8859999999999999
3375,Chris Young,34,921,"MLB-NL,MLB-AL","Arizona,Boston,New York,Los Angeles,Oakland",1256,4614,4071,573,957,255,21,157,512,471,15,1039,30,16,26,55,113,33,0.235,0.317,0.424,0.741
3376,Delmon Young,29,2021,"MLB-AL,MLB-NL","Tampa Bay,Minnesota,Baltimore,Detroit,Philadelphia",921,3559,3337,392,936,171,10,93,463,152,16,633,34,1,35,113,24,16,0.28,0.315,0.42100000000000004,0.737
3379,Eric Young Jr.,33,832,"MLB-NL,MLB-AL","Atlanta,New York,Colorado,Los Angeles",645,1926,1725,275,422,67,22,13,112,147,3,350,23,26,5,18,162,39,0.245,0.312,0.332,0.643
3382,Michael Young,36,2659,"MLB-AL,MLB-NL","Texas,Los Angeles,Philadelphia",908,3924,3603,496,1070,202,21,82,460,275,20,545,8,0,38,120,31,4,0.297,0.345,0.433,0.778
3394,Ryan Zimmerman,34,468,MLB-NL,Washington,1348,5663,5074,747,1411,301,14,226,808,505,33,1050,26,0,57,161,28,6,0.278,0.34299999999999997,0.47700000000000004,0.82
3397,Ben Zobrist,38,468,"MLB-AL,MLB-NL","Tampa Bay,Chicago,Kansas City,Oakland",1565,6533,5600,866,1510,341,42,164,741,819,34,947,30,22,62,121,112,34,0.27,0.36200000000000004,0.433,0.7959999999999999
3398,Mike Zunino,29,105,MLB-AL,"Seattle,Tampa Bay",687,2460,2226,244,446,100,3,108,283,164,1,849,51,8,11,42,2,4,0.2,0.27,0.39399999999999996,0.6629999999999999
